publish_time,content
2025-01-01,"电信诈骗手段不断翻新，尤其是冒充客服的方式，务必提高警惕。"
2025-01-05,"通过虚假的投资理财平台，诈骗分子声称可以实现高额回报，切勿轻信。"
2025-01-10,"冒充熟人借钱的骗局屡见不鲜，务必通过电话确认对方身份。"
2025-01-15,"网络交友诈骗频发，切勿轻易透露个人信息，以免落入诈骗陷阱。"
2025-01-20,"假冒公检法的诈骗电话越来越多，接到此类电话请务必核实身份。"
2025-01-25,"刷单返利诈骗仍然高发，任何要求先付款的兼职都要小心。"
2025-02-02,"近期出现冒充快递员的诈骗，称快递丢失要求提供个人信息。"
2025-02-10,"诈骗团伙通过假冒银行客服，诱导受害人汇款，保持警惕。"
2025-02-15,"网络投资骗局以高回报为诱饵，往往导致财产损失。"
2025-02-20,"收到中奖通知的邮件时，请务必核实，不要轻易相信。"
2025-02-25,"假冒老师收费的骗局，利用家长的信任进行诈骗。"
2025-03-01,"诈骗分子假装是亲友借钱，利用情感操控受害者。"
2025-03-05,"通过虚假租房信息实施诈骗，务必通过正规渠道确认房源。"
2025-03-10,"网购退款诈骗，骗子以退款为名要求提供银行卡信息。"
2025-03-15,"电话中自称是政府工作人员要求交纳费用，切勿轻信。"
2025-03-20,"冒充医生进行诈骗，声称需要支付治疗费用的小心。"
2025-09-01,"开学季，冒充老师收费的诈骗频繁发生，家长要提高警惕。"
2025-09-05,"新学期开始，诈骗分子假冒学校工作人员，要求缴纳费用。"
2025-09-10,"假冒同学借钱的案例增加，务必通过电话确认身份。"
2025-09-15,"网络交友中，学生们要警惕假冒身份的诈骗者。"
2025-09-20,"开学季，骗子利用学生心理，声称可以提供高额奖学金。"
2025-09-25,"借助开学季，诈骗分子假冒辅导老师，要求支付培训费。"
2025-04-01,"刷单返利诈骗依旧高发，任何要求先付款的兼职都要小心。"
2025-04-05,"网络交友中，切勿轻易透露个人信息，以免落入诈骗陷阱。"
2025-04-10,"假冒公检法的诈骗电话越来越多，接到此类电话请务必核实身份。"
2025-04-15,"投资理财诈骗以高回报为诱饵，往往导致巨额损失。"
2025-04-20,"假冒客服的诈骗案例频发，务必通过官方渠道核实。"
2025-04-25,"利用虚假广告进行诈骗，切勿轻信低价诱惑。"
2025-01-05,"诈骗分子通过假冒快递客服，声称包裹丢失需赔偿，诱导受害者扫描二维码填写个人信息，盗取银行卡资金。"
2025-09-10,"网络投资诈骗团伙利用虚假平台，承诺高额回报吸引投资者，初期小额返利后，诱导大额投资后关闭平台。"
2025-01-15,"诈骗分子通过社交平台伪装成单身异性，与受害者建立恋爱关系后，以各种理由骗取钱财。"
2025-09-20,"虚假贷款APP以‘低息、快速放款’为诱饵，要求受害者支付‘保证金’或‘解冻费’，随后失联。"
2025-01-25,"诈骗分子冒充公检法人员，声称受害者涉嫌犯罪，要求将资金转入‘安全账户’进行审查。"
2025-09-30,"网络招嫖诈骗：通过发布虚假招嫖信息，诱骗受害者支付会员费或保证金，实施诈骗。"
2025-02-05,"虚假购物平台以低价商品吸引消费者，要求支付定金或货款后失联。"
2025-10-10,"诈骗分子通过虚假中奖信息，声称受害者中奖，但需先支付税费或手续费，骗取钱财。"
2025-02-15,"网络赌博诈骗：通过后台控制输赢，诱导受害者不断投入资金，最终无法提现。"
2025-10-20,"诈骗分子冒充培训机构，发送退费信息，诱导受害者下载涉诈APP进行投资，最终无法提现。"
2025-02-25,"虚假投资平台以内部消息为诱饵，吸引投资者投入资金后，平台突然关闭。"
2025-10-30,"诈骗分子通过社交平台与受害者建立信任后，以投资虚拟币为由，诱骗受害者转账。"
2025-03-05,"虚假购物平台以低价商品吸引消费者，要求支付定金或货款后失联。"
2025-11-10,"诈骗分子通过虚假招嫖信息，诱骗受害者支付保证金或会员费，实施诈骗。"
2025-03-15,"虚假投资理财平台以高额收益吸引投资者，初期给予小额回报，后期无法提现。"
2025-11-20,"诈骗分子冒充快递公司，声称快递丢失需赔偿，诱导受害者扫描二维码填写信息，盗刷银行卡。"
2025-03-25,"网络赌博诈骗：通过后台控制输赢，诱导受害者不断投入资金，最终无法提现。"
2025-11-30,"诈骗分子通过社交平台与受害者建立信任后，以投资虚拟币为由，诱骗受害者转账。"
2025-04-05,"虚假购物平台以低价商品吸引消费者，要求支付定金或货款后失联。"
2025-12-10,"诈骗分子通过虚假中奖信息，声称受害者中奖，但需先支付税费或手续费，骗取钱财。"
2025-04-15,"网络投资诈骗团伙利用虚假平台，承诺高额回报吸引投资者，初期小额返利后，诱导大额投资后关闭平台。"
2025-12-20,"诈骗分子通过社交平台伪装成单身异性，与受害者建立恋爱关系后，以各种理由骗取钱财。"
2025-04-25,"虚假贷款APP以‘低息、快速放款’为诱饵，要求受害者支付‘保证金’或‘解冻费’，随后失联。"
2025-12-30,"诈骗分子冒充公检法人员，声称受害者涉嫌犯罪，要求将资金转入‘安全账户’进行审查。"
2025-05-05,"网络招嫖诈骗：通过发布虚假招嫖信息，诱骗受害者支付会员费或保证金，实施诈骗。"
2025-01-10,"虚假购物平台以低价商品吸引消费者，要求支付定金或货款后失联。"
2025-05-15,"诈骗分子通过虚假中奖信息，声称受害者中奖，但需先支付税费或手续费，骗取钱财。"
2025-01-15,"网络赌博诈骗：通过后台控制输赢，诱导受害者不断投入资金，最终无法提现。"
2025-05-25,"诈骗分子冒充培训机构，发送退费信息，诱导受害者下载涉诈APP进行投资，最终无法提现。"
2025-01-20,"虚假投资平台以内部消息为诱饵，吸引投资者投入资金后，平台突然关闭。"
2025-05-30,"诈骗分子通过社交平台与受害者建立信任后，以投资虚拟币为由，诱骗受害者转账。"
2025-01-25,"虚假购物平台以低价商品吸引消费者，要求支付定金或货款后失联。"
2025-06-10,"诈骗分子通过虚假招嫖信息，诱骗受害者支付保证金或会员费，实施诈骗。"
2025-01-30,"虚假投资理财平台以高额收益吸引投资者，初期给予小额回报，后期无法提现。"
2025-06-15,"诈骗分子冒充快递公司，声称快递丢失需赔偿，诱导受害者扫描二维码填写信息，盗刷银行卡。"
2025-02-05,"网络赌博诈骗：通过后台控制输赢，诱导受害者不断投入资金，最终无法提现。"
2025-06-25,"诈骗分子通过社交平台与受害者建立信任后，以投资虚拟币为由，诱骗受害者转账。"
2025-02-10,"虚假购物平台以低价商品吸引消费者，要求支付定金或货款后失联。"
2025-06-30,"诈骗分子通过虚假中奖信息，声称受害者中奖，但需先支付税费或手续费，骗取钱财。"
2025-02-15,"网络投资诈骗团伙利用虚假平台，承诺高额回报吸引投资者，初期小额返利后，诱导大额投资后关闭平台。"
2025-07-10,"诈骗分子通过社交平台伪装成单身异性，与受害者建立恋爱关系后，以各种理由骗取钱财。"
2025-02-20,"虚假贷款APP以‘低息、快速放款’为诱饵，要求受害者支付‘保证金’或‘解冻费’，随后失联。"
2025-07-15,"诈骗分子冒充公检法人员，声称受害者涉嫌犯罪，要求将资金转入‘安全账户’进行审查。"
2025-02-25,"网络招嫖诈骗：通过发布虚假招嫖信息，诱骗受害者支付会员费或保证金，实施诈骗。"
2025-07-20,"虚假购物平台以低价商品吸引消费者，要求支付定金或货款后失联。"
2025-03-05,"诈骗分子通过虚假中奖信息，声称受害者中奖，但需先支付税费或手续费，骗取钱财。"
2025-07-25,"网络赌博诈骗：通过后台控制输赢，诱导受害者不断投入资金，最终无法提现。"
2025-03-10,"诈骗分子冒充培训机构，发送退费信息，诱导受害者下载涉诈APP进行投资，最终无法提现。"
2025-01-15,"电信诈骗团伙通过假冒客服，声称商品质量问题需退款，诱导受害人点击钓鱼链接，骗取银行卡信息。"
2025-09-20,"诈骗分子利用AI技术合成声音，冒充熟人向受害人借钱，成功骗取多名受害者钱财。"
2025-01-10,"虚假投资平台以高回报为诱饵，吸引投资者投入资金后，平台突然关闭，投资者血本无归。"
2025-09-25,"网络交友诈骗：骗子通过社交平台与受害者建立恋爱关系后，以各种理由骗取钱财。"
2025-01-18,"刷单返利诈骗：通过小额返利吸引受害者参与，随后要求大额充值，最后拉黑受害者。"
2025-09-12,"冒充公检法诈骗：声称受害人涉嫌犯罪，要求将资金转入安全账户，多名老人被骗。"
2025-01-22,"虚假贷款APP以低息贷款为诱饵，要求受害者支付保证金或解冻费，实施诈骗。"
2025-09-05,"诈骗分子通过虚假购物平台，声称有低价商品，诱导受害者支付货款后失联。"
2025-01-03,"网络招嫖诈骗：通过发布虚假招嫖信息，诱骗受害者转账支付保证金或会员费。"
2025-09-10,"诈骗分子冒充培训机构，发送退费信息，诱导受害者下载涉诈APP进行投资，最终无法提现。"
2025-01-17,"虚假中奖诈骗：声称受害人中奖，但需先支付税费或手续费，骗取钱财。"
2025-09-22,"诈骗分子通过社交平台发布虚假兼职信息，诱骗受害者参与刷单任务，骗取钱财。"
2025-01-28,"网络赌博诈骗：通过后台控制输赢，诱导受害者不断投入资金，最终无法提现。"
2025-09-18,"诈骗分子冒充快递公司，声称快递丢失需赔偿，诱导受害者扫描二维码填写信息，盗刷银行卡。"
2025-01-08,"虚假投资理财平台以高额收益吸引投资者，初期给予小额回报，后期无法提现。"
2025-09-25,"诈骗分子通过社交平台与受害者建立信任后，以投资虚拟币为由，诱骗受害者转账。"
2025-01-12,"虚假购物平台以低价商品吸引消费者，要求支付定金或货款后失联。"
2025-09-10,"诈骗分子通过虚假招嫖信息，诱骗受害者支付保证金或会员费，实施诈骗。"
2025-01-18,"虚假投资平台以内部消息为诱饵，吸引投资者投入资金后，平台突然关闭。"
2025-09-15,"诈骗分子通过社交平台与受害者建立恋爱关系后，以资金周转为由，骗取钱财。"
2025-01-23,"虚假贷款APP以低息贷款为诱饵，要求受害者支付保证金或解冻费，实施诈骗。"
2025-09-08,"诈骗分子通过虚假购物平台，声称有低价商品，诱导受害者支付货款后失联。"
2025-01-13,"网络招嫖诈骗：通过发布虚假招嫖信息，诱骗受害者转账支付保证金或会员费。"
2025-09-20,"诈骗分子冒充培训机构，发送退费信息，诱导受害者下载涉诈APP进行投资，最终无法提现。"
2025-01-27,"虚假中奖诈骗：声称受害人中奖，但需先支付税费或手续费，骗取钱财。"
2025-09-12,"诈骗分子通过社交平台发布虚假兼职信息，诱骗受害者参与刷单任务，骗取钱财。"
2025-01-17,"网络赌博诈骗：通过后台控制输赢，诱导受害者不断投入资金，最终无法提现。"
2025-09-18,"诈骗分子冒充快递公司，声称快递丢失需赔偿，诱导受害者扫描二维码填写信息，盗刷银行卡。"
2025-01-08,"虚假投资理财平台以高额收益吸引投资者，初期给予小额回报，后期无法提现。"
2025-09-25,"诈骗分子通过社交平台与受害者建立信任后，以投资虚拟币为由，诱骗受害者转账。"
2025-01-12,"虚假购物平台以低价商品吸引消费者，要求支付定金或货款后失联。"