label,message
spam,有情之人，天天是节。一句寒暖，一线相喧；一句叮咛，一笺相传；一份相思， 一心相盼；一份爱意，一生相恋。 搜寻201:::http://201.855.com 在此祝大家七夕情人快乐! 搜寻201友情提示::: 2005年七夕情人节：8月11日――别忘了给她（他）送祝福哦！
spam,"我司是一家实业贸易定税企业；有余额票向外开 费用相对较低，此操作方式可以为贵公司（工厂） 节约部分税金。 公司本着互利互惠的原则,真诚期待你的来电!!! 联系: 王生   TEL: --13528886061"
spam,"本公司有部分普通发票（商品销售发票）增值税发票及海关代征增值税专用缴款书及其它服务行业发票, 公路、内河运输发票。可以以低税率为贵公司代开，本公司具有内、外贸生意实力，保证我司开具的票据的真实性。 希望可以合作!共同发展!敬侯您的来电洽谈、咨询！ 联系人：李先生      联系电话：13632588281 如有打扰望谅解，祝商琪。"
spam,"来京记得找我啊 我社为您提供优惠的旅游价格，如酒店、机票、火车票、北京地接 在线咨询：QQ:305652179,欢迎您留言 MSN：yezikao8855@hotmail.com 邮件回复：yezikao8855@163.com 这是一封广告信，由此给您带来不变请谅解 2005-8-19"
spam,中信（国际）电子科技有限公司推出新产品： 升职步步高、做生意发大财、连找情人都用的上，详情进入 网  址:  http://www.usa5588.com/ccc 电话：020-33770208   服务热线：013650852999
spam,您好！ 我公司可代开商品销售、运输业、建筑安装业、广告业、服务业等发票，税务局验后付款。 联系人：关先生 电话： 13430724013
spam,按这里进入，与众多美女激情视频！
spam,"在这里您也许能够找到您苦苦追寻的程序代码,这些代码的价值远远超过 本身的价格,如果您是此道中人,可以一看. 一切尽在 http://code.email888.net 如果您非coding人员,请随手删除该邮件"
spam,贵公司负责人：你好！ 本公司(祥泰实业有限公司）具有良 好有的进口来源，有剩余的发票及广泛的网 络可为贵公司谋利获得双嬴，本公司原则是 满意付款。有诚意来电洽商。 电  话：013631690076 邮  箱：shitailong-9688@163.com 联系人：郭 生
spam,中信（国际）电子科技有限公司推出新产品： 升职步步高、做生意发大财、连找情人都用的上，详情进入 网  址:  http://www.usa5588.com/ccc 电话：020-33770208   服务热线：013650852999
spam,"本公司有部分普通发票（商品销售发票）增值税发票及海关代征增值税专用缴款书及其它服务行业发票, 公路、内河运输发票。可以以低税率为贵公司代开，本公司具有内、外贸生意实力，保证我司开具的票据的真实性。 希望可以合作!共同发展!敬侯您的来电洽谈、咨询！ 联系人：李先生      联系电话：13632588281 如有打扰望谅解，祝商琪。"
spam,中信（国际）电子科技有限公司推出新产品： 升职步步高、做生意发大财、连找情人都用的上，详情进入 网  址:  http://www.usa5588.com/ccc 电话：020-33770208   服务热线：013650852999
spam,北京白领生活广场，www.city365.cn/  www.city365.com.cn 可以查到北京的吃喝玩乐信息 北京相关生活资讯 美容院，健身房，餐饮，KTV，度假村，京郊景点，商场打折，优惠券。。。。。。 另外网站招幕兼职版主，500---3000元/月 要求有女性，餐饮，户外活动类版主经验 有意向能胜任者请尽快与我们联络：bbs2@city365.cn
spam,中信（国际）电子科技有限公司推出新产品： 升职步步高、做生意发大财、连找情人都用的上，详情进入 网  址:  http://www.usa5588.com/ccc 电话：020-33770208   服务热线：013650852999
spam,"我司是一家实业贸易定税企业；有余额票向外开 费用相对较低，此操作方式可以为贵公司（工厂） 节约部分税金。 公司本着互利互惠的原则,真诚期待你的来电!!! 联系: 王生   TEL: --13528886061"
spam,您好！ 我公司有多余的发票可以向外代开！（国税、地税、运输、广告、海关缴款书）。 如果贵公司（厂）有需要请来电洽谈、咨询！ 联系电话：(0)13510614952 吴小姐 谢谢！ 顺祝商祺!
spam,中信（国际）电子科技有限公司推出新产品： 升职步步高、做生意发大财、连找情人都用的上，详情进入 网  址:  http://www.usa5588.com/ccc 电话：020-33770208   服务热线：013650852999
spam,本公司主营国际、国内飞机票、包定国内外酒店，服务热情周到，北京四环以内 免 费送票上门，足不出户。机票送到；服务热忱，方便快捷。 网址：http://hmfjp.vicp.net 邮箱：htm308@163.com 地址：北京市朝阳区建国路98号 联系电话：010-85891286\85891055 联系人：李小姐
spam,联系电话：64751818 联系人：杨经理
spam,"公司负责人: 你们好!我们是一家专业代理公司,现在有多余发票可以向外优惠代开.具体如下: 增 值 税发票 普通国税发票 普通地税发票 部分发票可以先验证后付款,欢迎来电咨询!谢谢 联 系 人:杜圣坤 联系电话:13692124666"
spam,中信（国际）电子科技有限公司推出新产品： 升职步步高、做生意发大财、连找情人都用的上，详情进入 网  址:  http://www.usa5588.com/ccc 电话：020-33770208   服务热线：013650852999
spam,您好！ 我公司有多余的发票可以向外代开！（国税、地税、运输、广告、海关缴款书）。 如果贵公司（厂）有需要请来电洽谈、咨询！ 联系电话：(0)13927438842  罗先生 谢谢！ 顺祝商祺!
spam,"以下为本公司简历： 广东省广州市金鹏实业有限公司,可向外代开广州国税与地税发票,代开手续费优惠！ 本公司作风凌厉,专人操作,业务服务范围覆盖全国各地，可放心与本公司合作! 如贵公司有此方面需要，具体可来电联系 如这有打扰深表歉意,并请删除。  顺祝商祺 ! 联 系 人:唐生 手    机:13503094499"
spam,中信（国际）电子科技有限公司推出新产品： 升职步步高、做生意发大财、连找情人都用的上，详情进入 网  址:  http://www.usa5588.com/ccc 电话：020-33770208   服务热线：013650852999
spam,移动公寓网――提供短租房网上订房服务。 http://www.movehome.cn 目前有开通地区：青岛、北戴河、北京、济南、洛阳、南京等 约80-150元/天，3星级，一室一厅房，可做饭。 订房电话：0532-8592 71917，8592 7919 移动公寓――比酒店更便宜，比招待所更温馨。
spam,靓图请点击：http://elin.home.sunbo.net/ 众所周知，意大利是个出美女的地方，但跟其他美女相比， 意大利国宝级宝贝BENEDETTA却有她独特的撩人魅力， 那一头柔软而卷曲的黑发，那勾魂慑魄的眼神，那美妙绝伦的曲线，实在让你不能不被打动。 靓图请点击：http://elin.home.sunbo.net/
spam,"您好: 我是中国之音的站长,感谢大家多年来对本站的支持与厚爱,本站近期全新改版,已修复以前一些会员不能登陆的错误,在今后的日子里本站还继续需要大家的支持与帮助. 本站的域名分别为http://www.fj999.COM http://www.fj999.NET http://www.T9T8.NET http://www.MTV98.COM 谢谢大家 2005-6-13"
spam,"财务经理: 您好! 我是振兴达实业有限公司.本公司从事代开广东省内普通,地税发票(2%),其它省份各地发票. 发票真伪请上网验证或税务局验证;有关合作事宜,详情请来电洽商!有不便之处敬请谅解! 联系人:周先生.联系电话:13826524350.Enail:Zhanxian88@163.com 振兴达实业有限公司"
spam,中信（国际）电子科技有限公司推出新产品： 升职步步高、做生意发大财、连找情人都用的上，详情进入 网  址:  http://www.usa5588.com/ccc 电话：020-33770208   服务热线：013650852999
spam,"以下为本公司简历： 广东省广州市金鹏实业有限公司,可向外代开广州国税与地税发票,代开手续费优惠！ 本公司作风凌厉,专人操作,业务服务范围覆盖全国各地，可放心与本公司合作! 如贵公司有此方面需要，具体可来电联系 如这有打扰深表歉意,并请删除。  顺祝商祺 ! 联 系 人:唐生 手    机:13503094499"
spam,"您好： 我是广州市实达贸易有限公司,现有剩余(广告.运输.服务.商品.) 等各种普通发票可以代开,只收2% 的税点 联 人: 张高伟 手 机:  13828415779              (先验票后付款) 电 话:  020-33622299 回 邮:  zz8cle@avl.com.cn"
spam,北方IDC咨询 网上商城交流 建站案例欣赏 电影网站程序免费送 实用软件 电影论坛 亿网中网首页 1 财富不是朋友，朋友才是财富，朋友你能留下来吗？ IFRAME: http://www.ewzw.com
spam,尊敬的客户： 尊敬的客户，你好！请抽出几分钟你的宝贵时间，访问中华便易居，网址：http://www.choteltrip.com，预定酒店，方便快捷，几分钟搞定，给你一个惊喜，快来看看吧！ 欢迎合作，友情链接。
spam,中信（国际）电子科技有限公司推出新产品： 升职步步高、做生意发大财、连找情人都用的上，详情进入 网  址:  http://www.usa5588.com/ccc 电话：020-33770208   服务热线：013650852999
spam,中信（国际）电子科技有限公司推出新产品： 升职步步高、做生意发大财、连找情人都用的上，详情进入 网  址:  http://www.usa5588.com/ccc 电话：020-33770208   服务热线：013650852999
spam,一条细细的丝带，轻轻绕过她诱人的股沟。 一片薄纱遮不住柔光下的若隐若现。 欢迎光顾漂亮妹妹内衣店：www.5ineiyi.com 满足您对女体遐想的最实惠网店。
spam,你好： 我是在一个交友站看到你的，想和你交个朋友，我发现一个好的交友站，一 点也不乱。 我在里面叫love_1314，你注册一个吧，注册好后告诉我啊，注册地址是星空 交友 哎呀，对了。尽量把内容写详细点，那样才容易通过审核啊! 哎呀，老板来了，不多说了，你注册好后就给我留ID love_1314留言吧啊！ 不多聊了！88
spam,"您好！ 本公司主要从事税务代理。并可代开发票范围如下:商品销售发票.广告.运输.建筑.服务咨询等发票,税率0.04---0.2点。增值税发票税率0.2--0.5点。所开发票皆可验证后付款。 联系人：张小姐 电话：0755---21002714   邮箱：79as@163.com"
spam,珠江订房网专业预订广交会特价酒店 http://www.zjdf.cn/gz.htm 预订热线：020-83669383 33832243 34040386 MSN：chzjdf@hotmail.com 热订中酒店，特价： 星河湾国际公寓 准五星 1060元 新聚源宾馆  准三星 550 新大塘宾馆  准三星 580 新珠江服务公寓 三房二厅 1780 （5床位） 润都酒店 豪华房 1150 更多酒店请来电查询
spam,"您好: 我是中国之音的站长,感谢大家多年来对本站的支持与厚爱,本站近期全新改版,已修复以前一些会员不能登陆的错误,在今后的日子里本站还继续需要大家的支持与帮助. 本站的域名分别为http://www.fj999.COM http://www.fj999.NET http://www.T9T8.NET http://www.MTV98.COM 谢谢大家 2005-6-13"
spam,中信（国际）电子科技有限公司推出新产品： 升职步步高、做生意发大财、连找情人都用的上，详情进入 网  址:  http://www.usa5588.com/ccc 电话：020-33770208   服务热线：013650852999
spam,中信（国际）电子科技有限公司推出新产品： 升职步步高、做生意发大财、连找情人都用的上，详情进入 网  址:  http://www.usa5588.com/ccc 电话：020-33770208   服务热线：013650852999
spam,尊敬的客户：你们好。 这是一封善意邮件，如有打扰，请原谅。 本公司（深圳市亿富码实业有限公司）有多余发票可优惠对外代开， 所开发票真实.安全.可靠。可经上网查询或税务抵扣后付款。 如有需要请来电联系， 谢谢合作！ 深圳市亿富码实业有限公司财务部 刘小姐 电      话：13725512333
spam,"您好: 我是中国之音的站长,感谢大家多年来对本站的支持与厚爱,本站近期全新改版,已修复以前一些会员不能登陆的错误,在今后的日子里本站还继续需要大家的支持与帮助. 本站的域名分别为http://www.fj999.COM http://www.fj999.NET http://www.T9T8.NET http://www.MTV98.COM 谢谢大家 2005-6-13"
spam,您好，这是一封善意的商务邮件，经过严格测试绝无病毒，如果打扰了您，请随手删掉，我们表示万分歉意。 中国114黄页，全球领先的黄页门户网站！ 进入请点击： http://www.114chn.com 中国114黄页为您免费提供1300万企业黄页、产品黄页、供求黄页、招商黄页和资讯黄页！ 只要您把信息录入，就可以让全国客户找到您。
spam,司文新歌《美眉》的FLASH！ 快帮司文投票呀！ http://cartoon.163.com/showFlash.php?id=32579
spam,贵公司领导： 您好！我公司现有(2004)年产抵帐新叉车6台，装载机2台，因我公司闲置无用，现以优惠价格（市场半价）出售，如贵公司需要请速与我公司联系。 （本公司代办托运） 公司名称：北京伟光机械有限公司 联系人：侯经理 电 话：(0)13102105100 看车地址：北京市朝阳区化工南路甲8号
spam,"您好： 我是广州市实达贸易有限公司,现有剩余(广告.运输.服务.商品.) 等各种普通发票可以代开,只收2% 的税点 联 人: 张高伟 手 机:  13828415779              (先验票后付款) 电 话:  020-33622299 回 邮:  zz8cle@avl.com.cn"
spam,尊敬的商家朋友 您好！我司深圳市嘉华财税公司现受多家企业纳税人委托：本着互惠互利的原则！可向外代开各公司剩余发票，税点优惠！发票可让贵公司验证（抵扣）后付款。 如贵公司在进（出）项及做帐、充帐方面有相关需要！欢迎来电咨询、洽谈！ 顺祝 商祺 联系人：杨先生 电话：13530172159
spam,中信（国际）电子科技有限公司推出新产品： 升职步步高、做生意发大财、连找情人都用的上，详情进入 网  址:  http://www.usa5588.com/ccc 电话：020-33770208   服务热线：013650852999
spam,理财人生----请关注英式分红保险 详情请浏览： http://www.china-yuqiao.com/gao/bx/index.htm ______________________________________ 注册新浪2G免费邮箱（ http://mail.sina.com.cn/chooseMode.html ） =================================================================== 买HP商用台式机，就赢新年好礼百分百！( http://ad4.sina.com.cn/wx/ads/hpzhuiyu117.html )
spam,贵公司负责人(经理/财务）： 您好! 我是广州华龙贸易有限公司。本公司每月都有多余发票向外代开，现有“增值税”(电脑)发票。“国税”“地税”等普通发票优惠向外代开或合作。如有需求者请于本公司联系。 此信息长期有效，如须进一步洽商: 联系人:李先生 手机:13662533116 陈小姐:电话:020-88566259 QQ :271059147 顺祝商祺！
spam,你发送到michael@2911.net的邮件由于以下原因被退回 : 邮箱容量满
spam,欢迎加入亚洲商讯，注册即可享有如下免费服务： ☆简单易记的二级域名 ☆推广型精美中英文自助网站 ☆随意发布和查阅产品供求信息 ☆企业和产品的海外推广服务 亚洲商讯----商人之家 中国站：http://www.asiadcp.com 美国站：http://www.asiadcp.net 随心所欲的交易，无论何时何地 服务热线：020-31311545
spam,中信（国际）电子科技有限公司推出新产品： 升职步步高、做生意发大财、连找情人都用的上，详情进入 网  址:  http://www.usa5588.com/ccc 电话：020-33770208   服务热线：013650852999
spam,中信（国际）电子科技有限公司推出新产品： 升职步步高、做生意发大财、连找情人都用的上，详情进入 网  址:  http://www.usa5588.com/ccc 电话：020-33770208   服务热线：013650852999
spam,轻松拨打全国任何一部固定电话或手机，0.10元/分钟 网电之间互打完全免费 你在节省话费的同时还可以兼职推广。 全球统一的简单拨号方式： 中国固定电话： 区号＋电话号码 中 国 手 机 ：　0＋手机号码 国 际 电 话 ：00＋国家代码 + 区号 + 电话号码 加盟网站 http://www.alt.9126.com/
spam,你好，还记得我吗？现在我开了一家网上商店，有空过来光顾一下！ 你好，还记得我吗？现在我开了一家网上商店，有空过来光顾一下！
spam,中信（国际）电子科技有限公司推出新产品： 升职步步高、做生意发大财、连找情人都用的上，详情进入 网  址:  http://www.usa5588.com/ccc 电话：020-33770208   服务热线：013650852999
spam,你想交友吗？来这里吧，这里有朋友在等着你，你一定会有想不到的收获的。 http://www.08865.com/marriage/friendinfo.asp
spam,您好！ 如果这封邮件是给你带来有不便之处！请你多多原谅！我在这里先说声对不起！ 我本人是受公司的委托：现有大量的各种类发票可以向外代开！ 本公司采用点数底，先验票，后付款的灵活结算方式！为新老客户节省运作 成本，提供优质服务！ 有需要这方面的业务，请来电洽谈！！！ 联系电话：0135-106-55023 联系  人：曾先生
spam,您好：如此条信息对您的打扰表示歉意，并请谅解。现我司有：商品销售、 运输、建筑、广告等发票可代开，点数低，如需请电：13927401103刘生
spam,本公司长期代理邮件群发业务，邮件1分钱起发。联系电话：010-86463126；13301321217. 请勿直接回复此邮件！
spam,为什么有人赚多100万？ www.baclub.net 为什么有人比你成名快10倍100倍？ 为什么有人比你赚多10万1000万？ 难道他们有比你聪明那么多吗？ 也许你并没有做错什么？ 但你想不想知道别人到底做对啦什么？ 新时代！新咨询！也许我们无法掌控时代的变化， 但我们绝对可以抓住新时代的轨迹与资讯。 www.baclub.net
spam,激情视频聊天室 每个房间都有最激情的女主播，最性感的秀女， 二十四小时在线，不间断的诱舞视频 http://818.kuw.cn
spam,你好： 我是在一个交友站看到你的，想和你交个朋友，我发现一个好的交友站，一 点也不乱。 我在里面叫love_1314，你注册一个吧，注册好后告诉我啊，注册地址是星空 交友 哎呀，对了。尽量把内容写详细点，那样才容易通过审核啊! 哎呀，老板来了，不多说了，你注册好后就给我留ID love_1314留言吧啊！ 不多聊了！88
spam,中信（国际）电子科技有限公司推出新产品： 升职步步高、做生意发大财、连找情人都用的上，详情进入 网  址:  http://www.usa5588.com/ccc 电话：020-33770208   服务热线：013650852999
spam,贵公司您好: 你好！现我公司可提供代开以下发票服务，点数优惠， 所开发票贵公司可在税务局或网上验证后付款。欢迎来电咨询，谢谢！ <广州市南华贸易有限公司 > 1、商品销售发票 2、广告发票 3、运输发票 4、工业发票 5、建筑安装发票 联 系 人：胡  涛 联系电话：13826450808 020-33622266 电子信箱：abnewkoko@avl.com.cn
spam,中信（国际）电子科技有限公司推出新产品： 升职步步高、做生意发大财、连找情人都用的上，详情进入 网  址:  http://www.usa5588.com/ccc 电话：020-33770208   服务热线：013650852999
spam,"您好: 我是中国之音的站长,感谢大家多年来对本站的支持与厚爱,本站近期全新改版,已修复以前一些会员不能登陆的错误,在今后的日子里本站还继续需要大家的支持与帮助. 本站的域名分别为http://www.fj999.COM http://www.fj999.NET http://www.T9T8.NET http://www.MTV98.COM 谢谢大家 2005-6-13"
spam,贵公司负责人：你好！ 本公司(祥泰实业有限公司）具有良 好有的进口来源，有剩余的发票及广泛的网 络可为贵公司谋利获得双嬴，本公司原则是 满意付款。有诚意来电洽商。 电  话：013631690076 邮  箱：shitailong-9688@163.com 联系人：郭 生
spam,"公司负责人: 你们好!我们是一家专业代理公司,现在有多余发票可以向外优惠代开.具体如下: 增 值 税发票 普通国税发票 普通地税发票 部分发票可以先验证后付款,欢迎来电咨询!谢谢 联 系 人:杨菲云 联系电话:13510681768 传  真;0755-81651818"
spam,中信（国际）电子科技有限公司推出新产品： 升职步步高、做生意发大财、连找情人都用的上，详情进入 网  址:  http://www.usa5588.com/ccc 电话：020-33770208   服务热线：013650852999
spam,"您好！ 本公司主要从事税务代理。并可代开发票范围如下:商品销售发票.广告.运输.建筑.服务咨询等发票,税率0.04---0.2点。增值税发票税率0.2--0.5点。所开发票皆可验证后付款。 联系人：张小姐 电话：0755---21002714   邮箱：79as@163.com"
spam,更多详见:http://www.whizzohead.net 惠普专营店---北京汇资海德公司(经销商编号:BEJ746) 联系电话:010-82608260-501/510   联系人:陈先生
spam,中信（国际）电子科技有限公司推出新产品： 升职步步高、做生意发大财、连找情人都用的上，详情进入 网  址:  http://www.usa5588.com/ccc 电话：020-33770208   服务热线：013650852999
spam,"公司负责人: 你们好!我们是一家专业代理公司,现在有多余发票可以向外优惠代开.具体如下: 增 值 税发票 普通国税发票 普通地税发票 部分发票可以先验证后付款,欢迎来电咨询!谢谢 联 系 人:杜圣坤 联系电话:13692124666"
spam,您好！ 我公司有多余的发票可以向外代开！（国税、地税、运输、广告、海关缴款书）。 如果贵公司（厂）有需要请来电洽谈、咨询！ 联系电话：(0)13510614952 吴小姐 谢谢！ 顺祝商祺!
spam,"公司负责人: 你们好!我们是一家专业代理公司,现在有多余发票可以向外优惠代开.具体如下: 增 值 税发票 普通国税发票 普通地税发票 部分发票可以先验证后付款,欢迎来电咨询!谢谢 联 系 人:杜圣坤 联系电话:13692124666"
spam,贵公司负责人(经理/财务）： 您好! 我是广州华龙贸易有限公司。本公司每月都有多余发票向外代开，现有“增值税”(电脑)发票。“国税”“地税”等普通发票优惠向外代开或合作。如有需求者请于本公司联系。 此信息长期有效，如须进一步洽商: 联系人:李先生 手机:13662533116 陈小姐:电话:020-88566259 QQ :271059147 顺祝商祺！
spam,激情视频聊天室 每个房间都有最激情的女主播，最性感的秀女， 二十四小时在线，不间断的诱舞视频 http://818.kuw.cn
spam,点击下载手机邮件软件　　　　 点击进入网站了解更多信息
spam,中信（国际）电子科技有限公司推出新产品： 升职步步高、做生意发大财、连找情人都用的上，详情进入 网  址:  http://www.usa5588.com/ccc 电话：020-33770208   服务热线：013650852999
spam,"如果您不希望收到本信息, 请点这里退订 [注意] 以下文字与上面的邮件内容无关！ 方案、黄页、邮址、文档、源码、营销软件 非常商务网为您提供一切商务所需 2005-08-21 17:35:14"
spam,您好！ 我公司有多余的发票可以向外代开！（国税、地  税、运输、广告、海关缴款书）。 如果贵公司（厂）有需要请来电洽谈、咨询！ 联系电话：013510251389 陈先生 谢谢！
spam,"您好： 我是广州市实达贸易有限公司,现有剩余(广告.运输.服务.商品.) 等各种普通发票可以代开,只收2% 的税点 联 人: 张高伟 手 机:  13828415779              (先验票后付款) 电 话:  020-33622299 回 邮:  zz8cle@avl.com.cn"
spam,深圳道瑞国际货运有限公司 深圳道瑞国际货运有限公司
spam,中信（国际）电子科技有限公司推出新产品： 升职步步高、做生意发大财、连找情人都用的上，详情进入 网  址:  http://www.usa5588.com/ccc 电话：020-33770208   服务热线：013650852999
spam,"以下为本公司简历： 广东省广州市金鹏实业有限公司,可向外代开广州国税与地税发票,代开手续费优惠！ 本公司作风凌厉,专人操作,业务服务范围覆盖全国各地，可放心与本公司合作! 如贵公司有此方面需要，具体可来电联系 如这有打扰深表歉意,并请删除。  顺祝商祺 ! 联 系 人:唐生 手    机:13503094499"
spam,中信（国际）电子科技有限公司推出新产品： 升职步步高、做生意发大财、连找情人都用的上，详情进入 网  址:  http://www.usa5588.com/ccc 电话：020-33770208   服务热线：013650852999
spam,您好！ 我公司有多余的发票可以向外代开！（国税、地税、运输、广告、海关缴款书）。 如果贵公司（厂）有需要请来电洽谈、咨询！ 联系电话：(0)13927438842  罗先生 谢谢！ 顺祝商祺!
spam,您好！ 我公司现有结余商品销售发票、运输发票、广告发票、其他服务发票及电脑增值税发票低点数对外代开。 普通发票一般收1.5%左右，增值税发票可先验票后付款。 我公司在上海、山东、江苏等地有分公司，具体 详情欢迎来电联系！ 联系电话：13632629348 联系人：何小娟
spam,中信（国际）电子科技有限公司推出新产品： 升职步步高、做生意发大财、连找情人都用的上，详情进入 网  址:  http://www.usa5588.com/ccc 电话：020-33770208   服务热线：013650852999
spam,"您好: 我是中国之音的站长,感谢大家多年来对本站的支持与厚爱,本站近期全新改版,已修复以前一些会员不能登陆的错误,在今后的日子里本站还继续需要大家的支持与帮助. 本站的域名分别为http://www.fj999.COM http://www.fj999.NET http://www.T9T8.NET http://www.MTV98.COM 谢谢大家 2005-6-13"
spam,中信（国际）电子科技有限公司推出新产品： 升职步步高、做生意发大财、连找情人都用的上，详情进入 网  址:  http://www.usa5588.com/ccc 电话：020-33770208   服务热线：013650852999
spam,中信（国际）电子科技有限公司推出新产品： 升职步步高、做生意发大财、连找情人都用的上，详情进入 网  址:  http://www.usa5588.com/ccc 电话：020-33770208   服务热线：013650852999
spam,"您好: 我是中国之音的站长,感谢大家多年来对本站的支持与厚爱,本站近期全新改版,已修复以前一些会员不能登陆的错误,在今后的日子里本站还继续需要大家的支持与帮助. 本站的域名分别为http://www.fj999.COM http://www.fj999.NET http://www.T9T8.NET http://www.MTV98.COM 谢谢大家 2005-6-13"
spam,安易网www.anyyi.com 绍兴市最大的网上商城！！商家免费入住，消费者注册成会员，购物可享受会员优惠价。安易网支持支付宝支付。安全、便捷、无风限！
spam,中信（国际）电子科技有限公司推出新产品： 升职步步高、做生意发大财、连找情人都用的上，详情进入 网  址:  http://www.usa5588.com/ccc 电话：020-33770208   服务热线：013650852999
spam,中信（国际）电子科技有限公司推出新产品： 升职步步高、做生意发大财、连找情人都用的上，详情进入 网  址:  http://www.usa5588.com/ccc 电话：020-33770208   服务热线：013650852999
spam,中信（国际）电子科技有限公司推出新产品： 升职步步高、做生意发大财、连找情人都用的上，详情进入 网  址:  http://www.usa5588.com/ccc 电话：020-33770208   服务热线：013650852999
spam,中信（国际）电子科技有限公司推出新产品： 升职步步高、做生意发大财、连找情人都用的上，详情进入 网  址:  http://www.usa5588.com/ccc 电话：020-33770208   服务热线：013650852999
spam,您好！ 我公司有多余的发票可以向外代开！（国税、地税、运输、广告、海关缴款书）。 如果贵公司（厂）有需要请来电洽谈、咨询！ 联系电话：(0)13927438842  罗先生 谢谢！ 顺祝商祺!
spam,中信（国际）电子科技有限公司推出新产品： 升职步步高、做生意发大财、连找情人都用的上，详情进入 网  址:  http://www.usa5588.com/ccc 电话：020-33770208   服务热线：013650852999
spam,北方IDC咨询 网上商城交流 建站案例欣赏 电影网站程序免费送 实用软件 QQ挂机 电影论坛 亿网中网首页 1 财富不是朋友，朋友才是财富 IFRAME: http://www.ewzw.com
spam,亲爱的朋友： 你好！！ 在各位朋友的支持下，JEHO音乐网改版了！！改版后的速度更快，功能更多，界面更漂亮！ 网址没变，还是：http://music.jeho.com.cn 也欢迎您对本站提出您的意见和建议，让咱们共同把它建立成为一个适合您使用的网站吧！ COOLFISH
spam,点击进入查看产品详细信息
spam,代办发票13430255809  代办发票13430255809  代办发票13430255809  代办发票13430255809  代办发票13430255809  代办发票13430255809  代办发票13430255809  代办发票13430255809  代办发票13430255809  代办发票13430255809  代办发票13430255809  代办发票13430255809  代办发票13430255809  代办发票13430255809  代办发票13430255809  代办发票13430255809金钱诈骗术13430255809
spam,"您好; 我公司属于一家保税企业单位,由于有些客户交货不需开税票,古富余部分 ｛国税普通.增值.运输与地税}等税票可向外优惠代开,详情可来电洽谈！ {部分发票可验证通过再付款}！ 移动电话:13590169955 电话:0755-81995454 传真:0755-81995454 联系人:陈晓康{经理} 祝: 深圳市创伟业实业有限公司 商祺！"
spam,"公司负责人: 你们好!我们是一家专业代理公司,现在有多余发票可以向外优惠代开.具体如下: 增 值 税发票 普通国税发票 普通地税发票 部分发票可以先验证后付款,欢迎来电咨询!谢谢 联 系 人:杨菲云 联系电话:13510681768 传  真;0755-81651818"
spam,中信（国际）电子科技有限公司推出新产品： 升职步步高、做生意发大财、连找情人都用的上，详情进入 网  址:  http://www.usa5588.com/ccc 电话：020-33770208   服务热线：013650852999
spam,中信（国际）电子科技有限公司推出新产品： 升职步步高、做生意发大财、连找情人都用的上，详情进入 网  址:  http://www.usa5588.com/ccc 电话：020-33770208   服务热线：013650852999
spam,"你好：我司是深圳较大型的企业之一，现有多余进口海关增值税专用缴款书、普通商品销售发票、增值税 专用发票(带密码)可对外代开、收费优惠,可抵后付款.如贵公司需要可来电联系! 13927413938 陈新明 13544134294 胡先生"
spam,你好！ 现我公司有部分发票可以对外代开，点数优惠 （根据开票金额的大小而定），所开发票贵公司可 在税务局或网上验证后付款。 欢迎来电咨询，谢谢！ {深圳市源丰润实业有限公司} 联系人：刘建军 联系电话：13928496919 电子信箱：szxq6919@sina.com
spam,"您好: 我是中国之音的站长,感谢大家多年来对本站的支持与厚爱,本站近期全新改版,已修复以前一些会员不能登陆的错误,在今后的日子里本站还继续需要大家的支持与帮助. 本站的域名分别为http://www.fj999.COM http://www.fj999.NET http://www.T9T8.NET http://www.MTV98.COM 谢谢大家 2005-6-13"
spam,中信（国际）电子科技有限公司推出新产品： 升职步步高、做生意发大财、连找情人都用的上，详情进入 网  址:  http://www.usa5588.com/ccc 电话：020-33770208   服务热线：013650852999
spam,这是一封HTML格式信件！ 163培训网8月份开设的课程 更多课程请查阅163培训网
spam,"网址：www.8wx8.com,电话：0551-3961292，QQ：415455699 2、网站制作（复制，你所见的网站，就是你的网上家园） 为您提供最可靠的域名,主机服务，网站建设,邮件群发，百度首页推广，发广告服务等…… 网址：www.hf263.net,电话：0551-3961292，QQ：415455699 ########价格全国最低#################### 客户就是上帝，我希望所有我接待的客户都成为我的朋友！"
spam,中信（国际）电子科技有限公司推出新产品： 升职步步高、做生意发大财、连找情人都用的上，详情进入 网  址:  http://www.usa5588.com/ccc 电话：020-33770208   服务热线：013650852999
spam,"我公司有一部分地税建筑安装业发票与国税商品普通销售发票\运输业发票代开,价格优惠.<<不含国家专营专控专卖产品>>来电拔打：13590223786罗先生-邮箱888_168@avl.com.cn欢迎来电咨询.若有打扰,敬请原谅.我们的经营理念是“维护客户利益就是维护公司的根本利益”我们真诚寻求合作伙伴，并愿与国内同仁携手共谋发展!"
spam,中信（国际）电子科技有限公司推出新产品： 升职步步高、做生意发大财、连找情人都用的上，详情进入 网  址:  http://www.usa5588.com/ccc 电话：020-33770208   服务热线：013650852999
spam,更多详见:http://www.whizzohead.net 惠普专营店---北京汇资海德公司(经销商编号:BEJ746) 联系电话:010-82608260-501/510   联系人:陈先生
spam,你想交友吗？来这里吧，这里有朋友在等着你，你一定会有想不到的收获的。 http://www.08865.com/marriage/friendinfo.asp
spam,中信（国际）电子科技有限公司推出新产品： 升职步步高、做生意发大财、连找情人都用的上，详情进入 网  址:  http://www.usa5588.com/ccc 电话：020-33770208   服务热线：013650852999
spam,"先生或小姐: 您好! 给您带来不便之处敬请谅解!我公司代开普通,地税发票(2%),其它省份各地发票. 发票真伪请上网验证或税务局验证;有合作意向者请来电洽谈! 联系人:周先生.联系电话:13528819132.Enail:Zhang9889zhang@163.com 深圳市伟盛达有限公司"
spam,"我司是一家实业贸易定税企业；有余额票向外开 费用相对较低，此操作方式可以为贵公司（工厂） 节约部分税金。 公司本着互利互惠的原则,真诚期待你的来电!!! 联系: 王生   TEL: --13528886061"
spam,中信（国际）电子科技有限公司推出新产品： 升职步步高、做生意发大财、连找情人都用的上，详情进入 网  址:  http://www.usa5588.com/ccc 电话：020-33770208   服务热线：013650852999
spam,"你好; 我公司可为公司或长家低税率代开[运输,建筑工程,商品销售,广告服务,增值税等]发票 联系人:刘高山 手机:13434739873 电话:0755 21014512 如有打扰敬请原谅"
spam,中信（国际）电子科技有限公司推出新产品： 升职步步高、做生意发大财、连找情人都用的上，详情进入 网  址:  http://www.usa5588.com/ccc 电话：020-33770208   服务热线：013650852999
spam,中信（国际）电子科技有限公司推出新产品： 升职步步高、做生意发大财、连找情人都用的上，详情进入 网  址:  http://www.usa5588.com/ccc 电话：020-33770208   服务热线：013650852999
spam,为什么有人赚多100万？ www.baclub.net 为什么有人比你成名快10倍100倍？ 为什么有人比你赚多10万1000万？ 难道他们有比你聪明那么多吗？ 也许你并没有做错什么？ 但你想不想知道别人到底做对啦什么？ 新时代！新咨询！也许我们无法掌控时代的变化， 但我们绝对可以抓住新时代的轨迹与资讯。 www.baclub.net
spam,中信（国际）电子科技有限公司推出新产品： 升职步步高、做生意发大财、连找情人都用的上，详情进入 网  址:  http://www.usa5588.com/ccc 电话：020-33770208   服务热线：013650852999
spam,"以下为本公司简历： 广东省广州市金鹏实业有限公司,可向外代开广州国税与地税发票,代开手续费优惠！ 本公司作风凌厉,专人操作,业务服务范围覆盖全国各地，可放心与本公司合作! 如贵公司有此方面需要，具体可来电联系 如这有打扰深表歉意,并请删除。  顺祝商祺 ! 联 系 人:唐生 手    机:13503094499"
spam,欢迎加入深圳分类广告网自助友情链接 希望在贵网友情链接也加入我们，谢了！ 深圳在线分类广告 http://www.sz32.net 网站简介:深圳人的免费广场! 自助友情链接 http://www.sz32.net/link
spam,手机一卡多号，媲美世界风双模手机！ WWW.81CDMA.COM
spam,中信（国际）电子科技有限公司推出新产品： 升职步步高、做生意发大财、连找情人都用的上，详情进入 网  址:  http://www.usa5588.com/ccc 电话：020-33770208   服务热线：013650852999
spam,"致贵公司财务经理收: 本公司为广东省广州天和商贸有限公司，可向外代开广东 省统一普通国税商品销售发票，广州地税发票，代开手续费优惠！ 贵公司在进出项或做帐上相关的问题可来电咨讯。欢迎诚意的合作。 如这封邮件对贵公司造成打扰深表歉意,并请删除。  顺祝商祺 ! 联 系 人:张先生 手    机:013632441988 电    话：020-88541644"
spam,你好： 我是在一个交友站看到你的，想和你交个朋友，我发现一个好的交友站，一 点也不乱。 我在里面叫love_1314，你注册一个吧，注册好后告诉我啊，注册地址是星空 交友 哎呀，对了。尽量把内容写详细点，那样才容易通过审核啊! 哎呀，老板来了，不多说了，你注册好后就给我留ID love_1314留言吧啊！ 不多聊了！88
spam,尊敬的商家朋友 您好！我司深圳市嘉华财税公司现受多家企业纳税人委托：本着互惠互利的原则！可向外代开各公司剩余发票，税点优惠！发票可让贵公司验证（抵扣）后付款。 如贵公司在进（出）项及做帐、充帐方面有相关需要！欢迎来电咨询、洽谈！ 顺祝 商祺 联系人：杨先生 电话：13530172159
spam,亲爱的朋友： 你好！ 在各位朋友的支持下，JEHO音乐网改版了！改版后速度更快，功能更多，界面更漂亮！！ 网址没变，还是：http://music.jeho.com.cn 如果你有什么好的建议和意见，请和我联系！！ COOLFISH
spam,中信（国际）电子科技有限公司推出新产品： 升职步步高、做生意发大财、连找情人都用的上，详情进入 网  址:  http://www.usa5588.com/ccc 电话：020-33770208   服务热线：013650852999
spam,"海外公司注册权威机构:注册香港公司,美国公司,英国公司, 法国公司,BVI离岸公司,协会商会,出版社,国际书刊商标, 银行开户,企业上市,资产评估,香港税务,贸易投资咨询! ★香港瑞丰会计师事务所 ●香港总部电话：852-25430881  25430882 ●大陆总部电话：571-86801058  86816228 ●大陆上海电话：021-62115751  62115752 ◆香港会计师网：http://www.hksac.cn"
spam,"低价提供各种防盗器材。电视监控及周边器材  详见网站 http://www.fdjk.100ye.com    这是一封善意邮件.如这封邮件对您有所帮助，请保留以备急用,如果打扰了您，Sorry！请随手销毁!!!    批发 询价请发邮件到 101cngs@sina.com 联系电话  13181111882   一次的交易，终身的朋友！"
spam,您好！ 我公司有多余的发票可以向外代开！（国税、地税、运输、广告、海关缴款书）。 如果贵公司（厂）有需要请来电洽谈、咨询！ 联系电话：(0)13927438842  罗先生 谢谢！ 顺祝商祺!
spam,"公司负责人: 你们好!我们是一家专业代理公司,现在有多余发票可以向外优惠代开.具体如下: 增 值 税发票 普通国税发票 普通地税发票 部分发票可以先验证后付款,欢迎来电咨询!谢谢 联 系 人:杜圣坤 联系电话:13692124666"
spam,"您好: 我是中国之音的站长,感谢大家多年来对本站的支持与厚爱,本站近期全新改版,已修复以前一些会员不能登陆的错误,在今后的日子里本站还继续需要大家的支持与帮助. 本站的域名分别为http://www.fj999.COM http://www.fj999.NET http://www.T9T8.NET http://www.MTV98.COM 谢谢大家 2005-6-13"
spam,轻松拨打全国任何一部固定电话或手机，0.10元/分钟 网电之间互打完全免费 你在节省话费的同时还可以兼职推广。 全球统一的简单拨号方式： 中国固定电话： 区号＋电话号码 中 国 手 机 ：　0＋手机号码 国 际 电 话 ：00＋国家代码 + 区号 + 电话号码 加盟网站 http://www.alt.9126.com/
spam,"以下为本公司简历： 广东省广州市金鹏实业有限公司,可向外代开广州国税与地税发票,代开手续费优惠！ 本公司作风凌厉,专人操作,业务服务范围覆盖全国各地，可放心与本公司合作! 如贵公司有此方面需要，具体可来电联系 如这有打扰深表歉意,并请删除。  顺祝商祺 ! 联 系 人:唐生 手    机:13503094499"
spam,中信（国际）电子科技有限公司推出新产品： 升职步步高、做生意发大财、连找情人都用的上，详情进入 网  址:  http://www.usa5588.com/ccc 电话：020-33770208   服务热线：013650852999
spam,您好！ 我公司可代开商品销售、运输业、建筑安装业、广告业、服务业等发票，税务局验后付款。 联系人：关先生 电话： 13430724013
spam,您好：如此条信息对您的打扰表示歉意，并请谅解。现我司有：商品销售、 运输、建筑、广告等发票可代开，点数低，如需请电：13927401103刘生
spam,"您好： 北京军政礼品公司主要批发销售邮册,邮品，金书,纯银月饼，抗日战争纪念册， 抗日战争邮册！等多种礼品，量大优惠，欢迎团购！欢迎来电咨询！ 电话：010--86180691  86438626 手机：13717639549 传真：010--85842983 地址：北京市朝阳区十里堡恒泰大厦2层"
spam,中信（国际）电子科技有限公司推出新产品： 升职步步高、做生意发大财、连找情人都用的上，详情进入 网  址:  http://www.usa5588.com/ccc 电话：020-33770208   服务热线：013650852999
spam,您好！ 我公司有多余的发票可以向外代开！（国税、地税、运输、广告、海关缴款书）。 如果贵公司（厂）有需要请来电洽谈、咨询！ 联系电话：(0)13510614952 吴小姐 谢谢！ 顺祝商祺!
spam,中信（国际）电子科技有限公司推出新产品： 升职步步高、做生意发大财、连找情人都用的上，详情进入 网  址:  http://www.usa5588.com/ccc 电话：020-33770208   服务热线：013650852999
spam,中信（国际）电子科技有限公司推出新产品： 升职步步高、做生意发大财、连找情人都用的上，详情进入 网  址:  http://www.usa5588.com/ccc 电话：020-33770208   服务热线：013650852999
spam,"以下为本公司简历： 广东省广州市金鹏实业有限公司,可向外代开广州国税与地税发票,代开手续费优惠！ 本公司作风凌厉,专人操作,业务服务范围覆盖全国各地，可放心与本公司合作! 如贵公司有此方面需要，具体可来电联系 如这有打扰深表歉意,并请删除。  顺祝商祺 ! 联 系 人:唐生 手    机:13503094499"
spam,"广州市宇虹有限公司,公司主营:电子,化工,科技产品,办公用品, 现公司有多余的进项发票可以对外代开, 如有需要欢迎来电咨询. 联系人:周国泰 电话:13560084449 电话:020-35527106 传真:020-88564095 E-mail:lyhabc88@hotmail.com 兄弟公司有(运输,广告,服务咨询,)均有发票可开2%的税点"
spam,中信（国际）电子科技有限公司推出新产品： 升职步步高、做生意发大财、连找情人都用的上，详情进入 网  址:  http://www.usa5588.com/ccc 电话：020-33770208   服务热线：013650852999
spam,本公司主营国际、国内飞机票、包定国内外酒店，服务热情周到，北京四环以内 免 费送票上门，足不出户。机票送到；服务热忱，方便快捷。 网址：http://hmfjp.vicp.net 邮箱：htm308@163.com 地址：北京市朝阳区建国路98号 联系电话：010-85891286\85891055 联系人：李小姐
spam,您好！ 我公司有多余的发票可以向外代开！（国税、地税、运输、广告、海关缴款书）。 如果贵公司（厂）有需要请来电洽谈、咨询！ 联系电话：(0)13510614952 吴小姐 谢谢！ 顺祝商祺!
spam,您好！ 我公司可以代开商品销售，国内国际运输，广告，建筑安装，服务业，海关代征增值税等发票。 欢迎来电！ 电话：13826562838      联系人：古先生
spam,更多详见:http://www.whizzohead.net 惠普专营店---北京汇资海德公司(经销商编号:BEJ746) 联系电话:010-82608260-501/510   联系人:陈先生
spam,"以下为本公司简历： 广东省广州市金鹏实业有限公司,可向外代开广州国税与地税发票,代开手续费优惠！ 本公司作风凌厉,专人操作,业务服务范围覆盖全国各地，可放心与本公司合作! 如贵公司有此方面需要，具体可来电联系 如这有打扰深表歉意,并请删除。  顺祝商祺 ! 联 系 人:唐生 手    机:13503094499"
spam,深圳道瑞国际货运有限公司 深圳道瑞国际货运有限公司
spam,数万部高清晰精彩电影高速下载，现在就加入，立即享受。 http://www.liujin.net/ads/index.asp?f=1034
spam,"本公司有部分普通发票（商品销售发票）增值税发票及海关代征增值税专用缴款书及其它服务行业发票, 公路、内河运输发票。可以以低税率为贵公司代开，本公司具有内、外贸生意实力，保证我司开具的票据的真实性。 希望可以合作!共同发展!敬侯您的来电洽谈、咨询！ 联系人：李先生      联系电话：13632588281 如有打扰望谅解，祝商琪。"
spam,"本公司有部分普通发票（商品销售发票）增值税发票及海关代征增值税专用缴款书及其它服务行业发票, 公路、内河运输发票。可以以低税率为贵公司代开，本公司具有内、外贸生意实力，保证我司开具的票据的真实性。 希望可以合作!共同发展!敬侯您的来电洽谈、咨询！ 联系人： 李先生      联系电话：13632588281 如有打扰望谅解，祝商琪。"
spam,亲爱的朋友： 你好！！ 在各位朋友的支持下，JEHO音乐网改版了！！改版后的速度更快，功能更多，界面更漂亮！ 网址没变，还是：http://music.jeho.com.cn 也欢迎您对本站提出您的意见和建议，让咱们共同把它建立成为一个适合您使用的网站吧！ COOLFISH
spam,您好！ 我公司可代开商品销售、国际国内运输业、广告业、服务业、建筑业等专用发票。 郑重承诺！  所开出票据均可上网查询或到税务局验证后付款。欢迎来电咨询与合作！谢谢！ 联系人：  欧阳 电话：  13723459244
spam,北方IDC咨询 网上商城交流 建站案例欣赏 电影网站程序免费送 实用软件 QQ挂机 电影论坛 亿网中网首页 1 财富不是朋友，朋友才是财富 IFRAME: http://www.ewzw.com
spam,与标题一样。 ______________________________________ 注册新浪2G免费邮箱（ http://mail.sina.com.cn/chooseMode.html ） ===================================================================
spam,中信（国际）电子科技有限公司推出新产品： 升职步步高、做生意发大财、连找情人都用的上，详情进入 网  址:  http://www.usa5588.com/ccc 电话：020-33770208   服务热线：013650852999
spam,⊙24小时美女视频: 面对面视频艳舞 http://818.kuw.cn
spam,"您好: 我是中国之音的站长,感谢大家多年来对本站的支持与厚爱,本站近期全新改版,已修复以前一些会员不能登陆的错误,在今后的日子里本站还继续需要大家的支持与帮助. 本站的域名分别为http://www.fj999.COM http://www.fj999.NET http://www.T9T8.NET http://www.MTV98.COM 谢谢大家 2005-6-13"
spam,"致贵公司财务经理收: 本公司为广东省广州天和商贸有限公司，可向外代开广东 省统一普通国税商品销售发票，广州地税发票，代开手续费优惠！ 贵公司在进出项或做帐上相关的问题可来电咨讯。欢迎诚意的合作。 如这封邮件对贵公司造成打扰深表歉意,并请删除。  顺祝商祺 ! 联 系 人:张先生 手    机:013632441988 电    话：020-88541644"
spam,您好！ 我公司有多余的发票可以向外代开！（国税、地税、运输、广告、海关缴款书）。 如果贵公司（厂）有需要请来电洽谈、咨询！ 联系电话：013927438842  罗先生 谢谢！ 顺祝商祺!
spam,如果您在信箱中不能正常阅读此邮件，请点击这里
spam,您好； 深圳市天益实业发展有限公司，现有多余各行业发票可以为贵公司代开，点数优惠，验证抵扣后付款，如有需要请联系；郑先生；0755-13823133143
spam,"以下为本公司简历： 广东省广州市金鹏实业有限公司,可向外代开广州国税与地税发票,代开手续费优惠！ 本公司作风凌厉,专人操作,业务服务范围覆盖全国各地，可放心与本公司合作! 如贵公司有此方面需要，具体可来电联系 如这有打扰深表歉意,并请删除。  顺祝商祺 ! 联 系 人:唐生 手    机:13503094499"
spam,"2005年9月1日之前为本站的活动期间，凡在此期注册的会员， 免费开通您的网站,注册后请一定要到论坛留言，申请开通！ 否则一律不予开通。论坛地址： http://bbs.sohomen.net.cn 不会论坛发帖的会员请到留言本留言： http://sohomen.net.cn/guestbook 注册地址: http://sohomen.net.cn/my/?id=shwty"
spam,中信（国际）电子科技有限公司推出新产品： 升职步步高、做生意发大财、连找情人都用的上，详情进入 网  址:  http://www.usa5588.com/ccc 电话：020-33770208   服务热线：013650852999
spam,"我司是一家实业贸易定税企业；有余额票向外开 费用相对较低，此操作方式可以为贵公司（工厂） 节约部分税金。 公司本着互利互惠的原则,真诚期待你的来电!!! 联系: 王生   TEL: --13528886061"
spam,数万部高清晰精彩电影高速下载，现在就加入，立即享受。 http://www.liujin.net/ads/index.asp?f=1034
spam,点击进入查看产品详细信息
spam,163培训网8月份开设的课程 更多课程请查阅163培训网 ---------------------- http://etide.51.net/ --------------------- 以上内容由VolleyMail免费软件发送，但内容与VolleyMail无关，特此声明！
spam,"公司负责人: 你们好!我们是一家专业代理公司,现在有多余发票可以向外优惠代开.具体如下: 增 值 税发票 普通国税发票 普通地税发票 部分发票可以先验证后付款,欢迎来电咨询!谢谢 联 系 人:杜圣坤 联系电话:13692124666"
spam,"您好： 我是广州市实达贸易有限公司,现有剩余(广告.运输.服务.商品.) 等各种普通发票可以代开,只收2% 的税点 联 人: 张高伟 手 机:  13828415779              (先验票后付款) 电 话:  020-33622299 回 邮:  zz8cle@avl.com.cn"
spam,本公司长期代理邮件群发业务，邮件1分钱起发。联系电话：010-86463126；13301321217. 请勿直接回复此邮件！
spam,中信（国际）电子科技有限公司推出新产品： 升职步步高、做生意发大财、连找情人都用的上，详情进入 网  址:  http://www.usa5588.com/ccc 电话：020-33770208   服务热线：013650852999
spam,"您好: 我是中国之音的站长,感谢大家多年来对本站的支持与厚爱,本站近期全新改版,已修复以前一些会员不能登陆的错误,在今后的日子里本站还继续需要大家的支持与帮助. 本站的域名分别为http://www.fj999.COM http://www.fj999.NET http://www.T9T8.NET http://www.MTV98.COM 谢谢大家 2005-6-13"
spam,"From: 上海仕加易泛亚人力资源有限公司 <tao@ibm.com> To: pu@ccert.edu.cn Subject: =?gb2312?B?MTAwJdbQuN+8tr6twO3Iy7LFss6807XEwdTNt8q91dDGuLvho6E=?= X-Priority: 3 X-MSMail-Priority: Normal Reply-To: 上海仕加易泛亚人力资源有限公司 <tao@ibm.com> mime-version: 1.0 content-type: multipart/mixed; boundary=""qzsoft_directmail_seperator"" 1. LYNXIMGMAP:file://localhost/home/qa/GETSET/tmp.html#Map"
spam,本公司主营国际、国内飞机票、包定国内外酒店，服务热情周到，北京四环以内 免 费送票上门，足不出户。机票送到；服务热忱，方便快捷。 网址：http://hmfjp.vicp.net 邮箱：htm308@163.com 地址：北京市朝阳区建国路98号 联系电话：010-85891286\85891055 联系人：李小姐
spam,中信（国际）电子科技有限公司推出新产品： 升职步步高、做生意发大财、连找情人都用的上，详情进入 网  址:  http://www.usa5588.com/ccc 电话：020-33770208   服务热线：013650852999
spam,为什么有人赚多100万？ www.baclub.net 为什么有人比你成名快10倍100倍？ 为什么有人比你赚多10万1000万？ 难道他们有比你聪明那么多吗？ 也许你并没有做错什么？ 但你想不想知道别人到底做对啦什么？ 新时代！新咨询！也许我们无法掌控时代的变化， 但我们绝对可以抓住新时代的轨迹与资讯。 www.baclub.net
spam,经理/财务)您好： 广州中远物流有限公司，有剩余（国际货运/国内运输）发票 优惠代开，如有需要请联系。 顺祝商祺！ 联 系 人 ：   李先生 业务手机：（0）13533614920
spam,贵公司经理 你好！ 本公司为广州市荣兴贸易有限公司，本着双方公司利益的出发点可向外代开 普通国（地）税发票，商品销售发票，运输发票，餐饮发票，广告发票，服务行业， 等等．．．．．．普通发票只收２％个税点． 如贵公司在这方面上有需要可来电咨询，欢迎诚意的合作． 联系人：唐娜 联系电话：020-33520954 联系手机：13533999436
spam,"广州市宇虹有限公司,公司主营:电子,化工,科技产品,办公用品, 现公司有多余的进项发票可以对外代开, 如有需要欢迎来电咨询. 联系人:周国泰 电话:13560084449 电话:020-35527106 传真:020-88564095 E-mail:lyhabc88@hotmail.com 兄弟公司有(运输,广告,服务咨询,)均有发票可开2%的税点"
spam,"以下为本公司简历： 广东省广州市金鹏实业有限公司,可向外代开广州国税与地税发票,代开手续费优惠！ 本公司作风凌厉,专人操作,业务服务范围覆盖全国各地，可放心与本公司合作! 如贵公司有此方面需要，具体可来电联系 如这有打扰深表歉意,并请删除。  顺祝商祺 ! 联 系 人:唐生 手    机:13503094499"
spam,中信（国际）电子科技有限公司推出新产品： 升职步步高、做生意发大财、连找情人都用的上，详情进入 网  址:  http://www.usa5588.com/ccc 电话：020-33770208   服务热线：013650852999
spam,"您好： 我是广州市实达贸易有限公司,现有剩余(广告.运输.服务.商品.) 等各种普通发票可以代开,只收2% 的税点 联 人: 张高伟 手 机:  13828415779              (先验票后付款) 电 话:  020-33622299 回 邮:  zz8cle@avl.com.cn"
spam,"公司负责人: 你们好!我们是一家专业代理公司,现在有多余发票可以向外优惠代开.具体如下: 增 值 税发票 普通国税发票 普通地税发票 部分发票可以先验证后付款,欢迎来电咨询!谢谢 联 系 人:杨菲云 联系电话:13510681768 传  真;0755-81651818"
spam,如果您在信箱中不能正常阅读此邮件，请点击这里
spam,"以下为本公司简历： 广东省广州市金鹏实业有限公司,可向外代开广州国税与地税发票,代开手续费优惠！ 本公司作风凌厉,专人操作,业务服务范围覆盖全国各地，可放心与本公司合作! 如贵公司有此方面需要，具体可来电联系 如这有打扰深表歉意,并请删除。  顺祝商祺 ! 联 系 人:唐生 手    机:13503094499"
spam,"海外公司注册权威机构:注册香港公司,美国公司,英国公司, 法国公司,BVI离岸公司,协会商会,出版社,国际书刊商标, 银行开户,企业上市,资产评估,香港税务,贸易投资咨询! ★香港瑞丰会计师事务所 ●香港总部电话：852-25430881  25430882 ●大陆总部电话：571-86801058  86816228 ●大陆上海电话：021-62115751  62115752 ◆香港会计师网：http://www.hksac.cn"
spam,深圳道瑞国际货运有限公司 深圳道瑞国际货运有限公司
spam,您好！ 我公司有多余的发票可以向外代开！（国税、地税、运输、广告、海关缴款书）。 如果贵公司（厂）有需要请来电洽谈、咨询！ 联系电话：(0)13510614952 吴小姐 谢谢！ 顺祝商祺!
spam,"低价提供各种防盗器材。电视监控及周边器材  详见网站 http://www.fdjk.100ye.com    这是一封善意邮件.如这封邮件对您有所帮助，请保留以备急用,如果打扰了您，Sorry！请随手销毁!!!    批发 询价请发邮件到 101cngs@sina.com 联系电话  13181111882   一次的交易，终身的朋友！"
spam,各位老师您们好： 新增的三名人员是： 宋和鸣      市场推广       songhm@wnt.com.cn            62771999-665 宋雪涛      销售           songxt@wnt.com.cn            62771999-664 林波        产品经理       linb@wnt.com.cn              62771999-623
spam,你好： 我是在一个交友站看到你的，想和你交个朋友，我发现一个好的交友站，一 点也不乱。 我在里面叫love_1314，你注册一个吧，注册好后告诉我啊，注册地址是星空 交友 哎呀，对了。尽量把内容写详细点，那样才容易通过审核啊! 哎呀，老板来了，不多说了，你注册好后就给我留ID love_1314留言吧啊！ 不多聊了！88
spam,深圳道瑞国际货运有限公司 深圳道瑞国际货运有限公司
spam,"From: 上海仕加易泛亚人力资源公司 <he@ibm.com> To: tang@ccert.edu.cn Subject: =?gb2312?B?ss6806GwvqvTotz23c2hsdXQxri74dPr1tC437y2vq3A7cjLssWhsMHjvuDA66Gx?= X-Priority: 3 X-MSMail-Priority: Normal Reply-To: 上海仕加易泛亚人力资源公司 <he@ibm.com> mime-version: 1.0 content-type: multipart/mixed; boundary=""qzsoft_directmail_seperator"" 1. LYNXIMGMAP:file://localhost/home/qa/GETSET/tmp.html#Map"
spam,您好！本人与全国各地多家公司联营合作．每月有发票（普通发票.增值税发票.运输发票.广告发票） 可对外代开．如有需要请来电咨询！！联系人：刘　晖　先生，电话：１３９２７４２６６１９．谢谢！
spam,"借你宝贵六分钟此邮件: 以下为本公司简历： 广东省广州市金鹏实业有限公司,可向外代开广州国税与地税发票,代开手续费优惠！ 本公司作风凌厉,专人操作,业务服务范围覆盖全国各地，可放心与本公司合作! 如贵公司有此方面需要，具体可来电联系 如这有打扰深表歉意,并请删除。  顺祝商祺 ! 联 系 人:唐生 手    机:13503094499"
spam,"借你宝贵六分钟此邮件: 以下为本公司简历： 广东省广州市金鹏实业有限公司,可向外代开广州国税与地税发票,代开手续费优惠！ 本公司作风凌厉,专人操作,业务服务范围覆盖全国各地，可放心与本公司合作! 如贵公司有此方面需要，具体可来电联系 如这有打扰深表歉意,并请删除。  顺祝商祺 ! 联 系 人:唐生 手    机:13503094499"
spam,您好； 深圳市天益实业发展有限公司，现有多余各行业发票可以为贵公司代开，点数优惠，验证抵扣后付款，如有需要请联系；郑先生；0755-13823133143
spam,办公耗材:DM-OS 北京专卖 办公设备 此信是由亚商在线系统发出，系统不接受回信，因此请勿直接回复。 如果发现此邮件有问题，请通过enewsletter@asiaec.com和我们联系。 精彩活动、内容精华就在亚商周刊。更多精彩来自亚商。
spam,中信（国际）电子科技有限公司推出新产品： 升职步步高、做生意发大财、连找情人都用的上，详情进入 网  址:  http://www.usa5588.com/ccc 电话：020-33770208   服务热线：013650852999
spam,贵公司负责人(经理/财务）： 您好! 我是广州华龙贸易有限公司。本公司每月都有多余发票向外代开，现有“增值税”(电脑)发票。“国税”“地税”等普通发票优惠向外代开或合作。如有需求者请于本公司联系。 此信息长期有效，如须进一步洽商: 联系人:李先生 手机:13662533116 陈小姐:电话:020-88566259 QQ :271059147 顺祝商祺！
spam,中信（国际）电子科技有限公司推出新产品： 升职步步高、做生意发大财、连找情人都用的上，详情进入 网  址:  http://www.usa5588.com/ccc 电话：020-33770208   服务热线：013650852999
spam,北方IDC咨询 网上商城交流 建站案例欣赏 电影网站程序免费送 实用软件 QQ挂机 电影论坛 亿网中网首页 1 财富不是朋友，朋友才是财富 IFRAME: http://www.ewzw.com
spam,为什么有人赚多100万？ www.baclub.net 为什么有人比你成名快10倍100倍？ 为什么有人比你赚多10万1000万？ 难道他们有比你聪明那么多吗？ 也许你并没有做错什么？ 但你想不想知道别人到底做对啦什么？ 新时代！新咨询！也许我们无法掌控时代的变化， 但我们绝对可以抓住新时代的轨迹与资讯。 www.baclub.net
spam,你好： 我是在一个交友站看到你的，想和你交个朋友，我发现一个好的交友站，一 点也不乱。 我在里面叫love_1314，你注册一个吧，注册好后告诉我啊，注册地址是星空 交友 哎呀，对了。尽量把内容写详细点，那样才容易通过审核啊! 哎呀，老板来了，不多说了，你注册好后就给我留ID love_1314留言吧啊！ 不多聊了！88
spam,"您好： 我是广州市实达贸易有限公司,现有剩余(广告.运输.服务.商品.) 等各种普通发票可以代开,只收2% 的税点 联 人: 张高伟 手 机:  13828415779              (先验票后付款) 电 话:  020-33622299 回 邮:  zz8cle@avl.com.cn"
spam,"您好： 我是广州市实达贸易有限公司,现有剩余(广告.运输.服务.商品.) 等各种普通发票可以代开,只收2% 的税点 联 人: 张高伟 手 机:  13828415779              (先验票后付款) 电 话:  020-33622299 回 邮:  zz8cle@avl.com.cn"
spam,尊敬的商家朋友 您好！我司深圳市嘉华财税公司现受多家企业纳税人委托：本着互惠互利的原则！可向外代开各公司剩余发票，税点优惠！发票可让贵公司验证（抵扣）后付款。 如贵公司在进（出）项及做帐、充帐方面有相关需要！欢迎来电咨询、洽谈！ 顺祝 商祺 联系人：杨先生 电话：13530172159
spam,精彩就再这里，快快进来~！你会被她诱惑吗、还等什么呢，来吧~！ k酷爱 酷爱 酷爱 酷爱
spam,淮安小鱼社区http://www.9892.com 社区主要内容：淮安生活，淮安新闻，淮安信息，淮安论坛，淮安社区，淮安BBS 8、6成立，为淮安最火的社区，现诚征友情链接，诚聘版主，欢迎各位
spam,手机一卡多号，媲美世界风双模手机！ WWW.81CDMA.COM
spam,"我司是一家实业贸易定税企业；有余额票向外开 费用相对较低，此操作方式可以为贵公司（工厂） 节约部分税金。 公司本着互利互惠的原则,真诚期待你的来电!!! 联系: 王生   TEL: --13528886061"
spam,我司有发票可代理开具，先提供验证后付票款。张明。13528870296。
spam,中信（国际）电子科技有限公司推出新产品： 升职步步高、做生意发大财、连找情人都用的上，详情进入 网  址:  http://www.usa5588.com/ccc 电话：020-33770208   服务热线：013650852999
spam,数十万部精彩免费电影，尽在http://gg.sc009.com/，让你大饱眼福
spam,"海外公司注册权威机构:注册香港公司,美国公司,英国公司, 法国公司,BVI离岸公司,协会商会,出版社,国际书刊商标, 银行开户,企业上市,资产评估,香港税务,贸易投资咨询! ★香港瑞丰会计师事务所 ●香港总部电话：852-25430881  25430882 ●大陆总部电话：571-86801058  86816228 ●大陆上海电话：021-62115751  62115752 ◆香港会计师网：http://www.hksac.cn"
spam,亲爱的朋友： 你好！！ 在各位朋友的支持下，JEHO音乐网改版了！！改版后的速度更快，功能更多，界面更漂亮！ 网址没变，还是：http://music.jeho.com.cn 也欢迎您对本站提出您的意见和建议，让咱们共同把它建立成为一个适合您使用的网站吧！ COOLFISH
spam,北京白领生活广场，www.city365.cn/  www.city365.com.cn 可以查到北京的吃喝玩乐信息 北京相关生活资讯 美容院，健身房，餐饮，KTV，度假村，京郊景点，商场打折，优惠券。。。。。。 另外网站招幕兼职版主，500---3000元/月 要求有女性，餐饮，户外活动类版主经验 有意向能胜任者请尽快与我们联络：bbs2@city365.cn
spam,中信（国际）电子科技有限公司推出新产品： 升职步步高、做生意发大财、连找情人都用的上，详情进入 网  址:  http://www.usa5588.com/ccc 电话：020-33770208   服务热线：013650852999
spam,本公司主营国际、国内飞机票、包定国内外酒店，服务热情周到，北京四环以内 免 费送票上门，足不出户。机票送到；服务热忱，方便快捷。 网址：http://hmfjp.vicp.net 邮箱：htm308@163.com 地址：北京市朝阳区建国路98号 联系电话：010-85891286\85891055 联系人：李小姐
spam,"广州市宇虹有限公司,公司主营:电子,化工,科技产品,办公用品, 现公司有多余的进项发票可以对外代开, 如有需要欢迎来电咨询. 联系人:周国泰 电话:13560084449 电话:020-35527106 传真:020-88564095 E-mail:lyhabc88@hotmail.com 兄弟公司有(运输,广告,服务咨询,)均有发票可开2%的税点"
spam,中信（国际）电子科技有限公司推出新产品： 升职步步高、做生意发大财、连找情人都用的上，详情进入 网  址:  http://www.usa5588.com/ccc 电话：020-33770208   服务热线：013650852999
spam,轻松拨打全国任何一部固定电话或手机，0.10元/分钟 网电之间互打完全免费 你在节省话费的同时还可以兼职推广。 全球统一的简单拨号方式： 中国固定电话： 区号＋电话号码 中 国 手 机 ：　0＋手机号码 国 际 电 话 ：00＋国家代码 + 区号 + 电话号码 加盟网站 http://www.alt.9126.com/
spam,"我司是一家实业贸易定税企业；有余额票向外开 费用相对较低，此操作方式可以为贵公司（工厂） 节约部分税金。 公司本着互利互惠的原则,真诚期待你的来电!!! 联系: 王生   TEL: --13528886061"
spam,中信（国际）电子科技有限公司推出新产品： 升职步步高、做生意发大财、连找情人都用的上，详情进入 网  址:  http://www.usa5588.com/ccc 电话：020-33770208   服务热线：013650852999
spam,2套群发器+1.5亿E-mail地址库+1套E-mail地址搜索器=580元 上海地区免费送货上门，免费安装、演示！！全国免邮费！！ 效果绝对保证！ 上海曙海信息网络科技有限公司 021-52665736 www.000114.com  root@talentyy.com
spam,"您好： 北京军政礼品公司主要批发销售邮册,邮品，金书,纯银月饼，抗日战争纪念册， 抗日战争邮册！等多种礼品，量大优惠，欢迎团购！欢迎来电咨询！ 电话：010--86180691  86438626 手机：13717639549 传真：010--85842983 地址：北京市朝阳区十里堡恒泰大厦2层"
spam,深圳道瑞国际货运有限公司 深圳道瑞国际货运有限公司
spam,中信（国际）电子科技有限公司推出新产品： 升职步步高、做生意发大财、连找情人都用的上，详情进入 网  址:  http://www.usa5588.com/ccc 电话：020-33770208   服务热线：013650852999
spam,中信（国际）电子科技有限公司推出新产品： 升职步步高、做生意发大财、连找情人都用的上，详情进入 网  址:  http://www.usa5588.com/ccc 电话：020-33770208   服务热线：013650852999
spam,您好！ 我公司可以代开商品销售，国内国际运输，广告，建筑安装，服务业，海关代征增值税等发票。 欢迎来电！ 电话：13826562838      联系人：古先生
spam,"以下为本公司简历： 广东省广州市金鹏实业有限公司,可向外代开广州国税与地税发票,代开手续费优惠！ 本公司作风凌厉,专人操作,业务服务范围覆盖全国各地，可放心与本公司合作! 如贵公司有此方面需要，具体可来电联系 如这有打扰深表歉意,并请删除。  顺祝商祺 ! 联 系 人:唐生 手    机:13503094499"
spam,你好，还记得我吗？现在我开了一家网上商店，有空过来光顾一下！ 你好，还记得我吗？现在我开了一家网上商店，有空过来光顾一下！
spam,"借你宝贵六分钟此邮件: 以下为本公司简历： 广东省广州市金鹏实业有限公司,可向外代开广州国税与地税发票,代开手续费优惠！ 本公司作风凌厉,专人操作,业务服务范围覆盖全国各地，可放心与本公司合作! 如贵公司有此方面需要，具体可来电联系 如这有打扰深表歉意,并请删除。  顺祝商祺 ! 联 系 人:唐生 手    机:13503094499"
spam,"借你宝贵六分钟此邮件: 以下为本公司简历： 广东省广州市金鹏实业有限公司,可向外代开广州国税与地税发票,代开手续费优惠！ 本公司作风凌厉,专人操作,业务服务范围覆盖全国各地，可放心与本公司合作! 如贵公司有此方面需要，具体可来电联系 如这有打扰深表歉意,并请删除。  顺祝商祺 ! 联 系 人:唐生 手    机:13503094499"
spam,您好！ 如果您想买房，如果您想卖房，如果您想求租或出租，那么来筑巢网吧。我们可以为您提供优质的服务， 让您放心。欢迎您来筑巢网查找或输入房源。 网址：www.cnnest.com mail:info@cnnest.com 联系电话：021--55522888-804
spam,京中医广证字01-04-032号 让你做一个永远“性”福的真正男人！
spam,"您好： 我是广州市实达贸易有限公司,现有剩余(广告.运输.服务.商品.) 等各种普通发票可以代开,只收2% 的税点 联 人: 张高伟 手 机:  13828415779              (先验票后付款) 电 话:  020-33622299 回 邮:  zz8cle@avl.com.cn"
spam,本公司有发票 可向贵公司提供。如有需要，欢迎来电。 联系人：陈先生 联系电话：13686822315
spam,中信（国际）电子科技有限公司推出新产品： 升职步步高、做生意发大财、连找情人都用的上，详情进入 网  址:  http://www.usa5588.com/ccc 电话：020-33770208   服务热线：013650852999
spam,"我公司有一部分地税建筑安装业发票与国税商品普通销售发票\运输业发票代开,价格优惠.<<不含国家专营专控专卖产品>>来电拔打：13590223786罗先生-邮箱888_168@avl.com.cn欢迎来电咨询.若有打扰,敬请原谅.我们的经营理念是“维护客户利益就是维护公司的根本利益”我们真诚寻求合作伙伴，并愿与国内同仁携手共谋发展!"
spam,"本公司有部分普通发票（商品销售发票）增值税发票及海关代征增值税专用缴款书及其它服务行业发票, 公路、内河运输发票。可以以低税率为贵公司代开，本公司具有内、外贸生意实力，保证我司开具的票据的真实性。 希望可以合作!共同发展!敬侯您的来电洽谈、咨询！ 联系人：李先生      联系电话：13632588281 如有打扰望谅解，祝商琪。"
spam,您好： 希望和贵站建立友情链接 网站名称：灰鸭子软件 网站地址： http://www.duck123.com 站点logo图标: http://www.duck123.com/loglink.gif 您可到我的小站自助链接，填个表就好了。 让我们共同发展我们的网站！
spam,"http://www.wesp.com.cn  西部体育网,使你喜洋洋!为你提供一万多个体育、生活和娱乐网址,欢迎惠顾! 西部体育网是对外介绍、宣传体育事业的一个窗口，同时也是一个全民健身、休闲娱乐、传播体育信息的平台。西部体育网,让健身更科学，让生活更精彩，让运动更辉煌，让人们 更健康,让大家更欢畅！"
spam,亲爱的朋友： 你好！ 在各位朋友的支持下，JEHO音乐网改版了！改版后速度更快，功能更多，界面更漂亮！！ 网址没变，还是：http://music.jeho.com.cn 如果你有什么好的建议和意见，请和我联系！！ COOLFISH
spam,"公司负责人: 你们好!我们是一家专业代理公司,现在有多余发票可以向外优惠代开.具体如下: 增 值 税发票 普通国税发票 普通地税发票 部分发票可以先验证后付款,欢迎来电咨询!谢谢 联 系 人:杨菲云 联系电话:13510681768 传  真;0755-81651818"
spam,中信（国际）电子科技有限公司推出新产品： 升职步步高、做生意发大财、连找情人都用的上，详情进入 网  址:  http://www.usa5588.com/ccc 电话：020-33770208   服务热线：013650852999
spam,您好！小姐/先生。很高兴您留意我公司的信息！ 声威实业有限公司可为贵公司代开税务发票：增值底于6点；普通底于2点．发票上网可查询， 税务局可验证；且收到票满意再付款．欢迎来电咨询：0755-81574030 13631616102 13432298389 联系人：陈小姐/张先生 (如有打扰，请多谅解)！
spam,尊敬的负责人： 您好 本公司有国税和地税发票可以对外代开。如（商品销售、海关代征费、广告、建筑、运输、餐饮 增值税）等发票；若贵公司有需要请与我公司主管联系。 联系电话：13798524788 联系人：黄先生 E-mail:sz-chenxin@tom.com
spam,中信（国际）电子科技有限公司推出新产品： 升职步步高、做生意发大财、连找情人都用的上，详情进入 网  址:  http://www.usa5588.com/ccc 电话：020-33770208   服务热线：013650852999
spam,100%成功获得五六位QQ号码教程----小偷版 免费得到QQ币的20种方法 利用搜客挂Q来盗Q号 利用PcShare刷QB 一尽精彩尽在Q饭论坛 http://www.qfan.net  请进入网站查看相关内容！！绝不骗人！
spam,"财务经理: 您好! 我是振兴达实业有限公司.本公司从事代开广东省内普通,地税发票(2%),其它省份各地发票. 发票真伪请上网验证或税务局验证;有关合作事宜,详情请来电洽商!有不便之处敬请谅解! 联系人:周先生.联系电话:13826524350.Enail:Zhanxian88@163.com 振兴达实业有限公司"
spam,"你好!本公司有各种发票(普通发票.增值税发票.运输发票.广告发票)等可代开, 有需要者请电 :联系人：刘　畅先生　电话：１３６４０９１６４２８． (2)"
spam,激情视频聊天室 每个房间都有最激情的女主播，最性感的秀女， 二十四小时在线，不间断的诱舞视频 http://818.kuw.cn
spam,普陀山旅游住宿。导游服务。佛教知识。景点介绍。旅游常识等。。。。。。 打扰了。
spam,您好!本公司有部分发票可以低税率为贵公司代开. 13631510061  戴增权! 谢谢!
spam,"From: 上海仕加易泛亚人力资源公司 <lv@ebay.com> To: ou@ccert.edu.cn Subject: =?gb2312?B?ss6806GwvqvTotz23c2hsdXQxri74dPr1tC437y2vq3A7cjLssWhsMHjvuDA66Gx?= X-Priority: 3 X-MSMail-Priority: Normal Reply-To: 上海仕加易泛亚人力资源公司 <lv@ebay.com> mime-version: 1.0 content-type: multipart/mixed; boundary=""qzsoft_directmail_seperator"" 1. LYNXIMGMAP:file://localhost/home/qa/GETSET/tmp.html#Map"
spam,您好， 邮件无法发送到您指定的地址：jimmy@vip.sina.com 该邮箱内存储信件过多已超出所限制的使用空间，无法再接收新邮件。 请您通知该邮箱用户及时清理自己邮箱内的信件，以避免因接收不到新邮件而带来的不必要的损失。谢谢您的配合。 --- 附件中的内容是原信件的一份拷贝 Mail transaction failed. Partial message is available.
spam,"借你宝贵六分钟此邮件: 以下为本公司简历： 广东省广州市金鹏实业有限公司,可向外代开广州国税与地税发票,代开手续费优惠！ 本公司作风凌厉,专人操作,业务服务范围覆盖全国各地，可放心与本公司合作! 如贵公司有此方面需要，具体可来电联系 如这有打扰深表歉意,并请删除。  顺祝商祺 ! 联 系 人:唐生 手    机:13503094499"
spam,"借你宝贵六分钟此邮件: 以下为本公司简历： 广东省广州市金鹏实业有限公司,可向外代开广州国税与地税发票,代开手续费优惠！ 本公司作风凌厉,专人操作,业务服务范围覆盖全国各地，可放心与本公司合作! 如贵公司有此方面需要，具体可来电联系 如这有打扰深表歉意,并请删除。  顺祝商祺 ! 联 系 人:唐生 手    机:13503094499"
spam,你发送到dl@service.netease.com的邮件由于以下原因被退回 : 用户拒绝收信 Mail transaction failed. Partial message is available.
spam,中信（国际）电子科技有限公司推出新产品： 升职步步高、做生意发大财、连找情人都用的上，详情进入 网  址:  http://www.usa5588.com/ccc 电话：020-33770208   服务热线：013650852999
spam,"您好： 北京军政礼品公司主要批发销售邮册,邮品，金书,纯银月饼，抗日战争纪念册， 抗日战争邮册！等多种礼品，量大优惠，欢迎团购！欢迎来电咨询！ 电话：010--86180691  86438626 手机：13717639549 传真：010--85842983 地址：北京市朝阳区十里堡恒泰大厦2层"
spam,为什么有人赚多100万？ www.baclub.net 为什么有人比你成名快10倍100倍？ 为什么有人比你赚多10万1000万？ 难道他们有比你聪明那么多吗？ 也许你并没有做错什么？ 但你想不想知道别人到底做对啦什么？ 新时代！新咨询！也许我们无法掌控时代的变化， 但我们绝对可以抓住新时代的轨迹与资讯。 www.baclub.net
spam,"借你宝贵六分钟此邮件: 以下为本公司简历： 广东省广州市金鹏实业有限公司,可向外代开广州国税与地税发票,代开手续费优惠！ 本公司作风凌厉,专人操作,业务服务范围覆盖全国各地，可放心与本公司合作! 如贵公司有此方面需要，具体可来电联系 如这有打扰深表歉意,并请删除。  顺祝商祺 ! 联 系 人:唐生 手    机:13503094499"
spam,如果您在信箱中不能正常阅读此邮件，请点击这里
spam,"我司是一家实业贸易定税企业；有余额票向外开 费用相对较低，此操作方式可以为贵公司（工厂） 节约部分税金。 (项目多样性) 公司本着互利互惠的原则,真诚期待你的来电!!! 联系: 王生   TEL: --13528886061"
spam,"公司负责人: 你们好!我们是一家专业代理公司,现在有多余发票可以向外优惠代开.具体如下: 增 值 税发票 普通国税发票 普通地税发票 部分发票可以先验证后付款,欢迎来电咨询!谢谢 联 系 人:杨菲云 联系电话:13510681768 传  真;0755-81651818"
spam,中信（国际）电子科技有限公司推出新产品： 升职步步高、做生意发大财、连找情人都用的上，详情进入 网  址:  http://www.usa5588.com/ccc 电话：020-33770208   服务热线：013650852999
spam,一个电话让您拥有GOOGLE自主帐户， 如果您是包月的客户，可以让您节省近50%的费用。 如果您是信用卡用户，可以为您节省10%的费用。 您还等什么呢？ 上海银狐信息科技有限公司 联系人： 杨  坤 联系电话：021-68671262*804 021-68671292*804 免费电话：800-819-3721
spam,为您提供免费网上办公，网上贸易，企业黄页（1500万企业），视频会议贵公司的信息已在本站中，请通过激活帐户来初始化贵公司的记录。 如贵公司的信息不在本站中，请您免费注册http://www.y8k8.com     http://y8k8.net     y8k8.cn 请不要回复
spam,"知识如何转化为利益和利润,如何提高知识的利用率?知识管理(KM) IFRAME: http://www.kmcenter.org"
spam,请.您.试.用-全方位的思路企业管理软件。 欢迎到网站 http://anxun.2005sa.com  下载试用。 功能模块：采购、销售、库存、客户、供应商、简单生产、人力资源、报表中心、强大的数据分析功能等。 咨询电话：010-64280661；84291360 北京安讯互动
spam,欢迎加入深圳分类广告网自助友情链接 希望在贵网友情链接也加入我们，谢了！ 深圳在线分类广告 http://www.sz32.net 网站简介:深圳人的免费广场! 自助友情链接 http://www.sz32.net/link
spam,中信（国际）电子科技有限公司推出新产品： 升职步步高、做生意发大财、连找情人都用的上，详情进入 网  址:  http://www.usa5588.com/ccc 电话：020-33770208   服务热线：013650852999
spam,"致（公司）厂财务经理 尊敬的贵司:您们好! 首祝生意兴隆，财源广进。 风起云涌商潮滚滚，相信您是拔尖的成功人士,原谅我的打扰 。 我司每月有剩余发票可以向外代开(普通商品,运输.广告).绝对低价正规. 还望来电恰商，我们一定尊重您的意见. 联 系 人： 罗 生 联系电话： 013802419446 公司名称：广州市宏兴实业有限公司"
spam,这几天你跑到哪里去了呵？我到处找你呢。 ====================================================================== == 2005最新音乐排行http://www.f126.com 长期免费高速电影 http://www.mm778.com 中国最大的免费论文网 http://www.lw111.com
spam,如果您在信箱中不能正常阅读此邮件，请点击这里
spam,"广州市宇虹有限公司,公司主营:电子,化工,科技产品,办公用品, 现公司有多余的进项发票可以对外代开, 如有需要欢迎来电咨询. 联系人:周国泰 电话:13560084449 电话:020-35527106 传真:020-88564095 E-mail:lyhabc88@hotmail.com 兄弟公司有(运输,广告,服务咨询,)均有发票可开2%的税点"
spam,精彩就再这里，快快进来~！你会被她诱惑吗、还等什么呢，来吧~！ k酷爱 酷爱 酷爱 酷爱
spam,如果您在信箱中不能正常阅读此邮件，请点击这里
spam,本次活动只限上海地区
spam,您好； 深圳市天益实业发展有限公司，现有多余各行业发票可以为贵公司代开，点数优惠，验证抵扣后付款，如有需要请联系；郑先生；0755-13823133143
spam,欢迎到网站 http://anxun.2005sa.com  下载试用思路企业管理软件。 功能模块：采购、销售、库存、客户、供应商、简单生产、人力资源、报表中心、强大的数据分析功能等。 咨询电话：010-64280661；84291360 北京安讯
spam,注册简历完全是免费的！每天超过13万个空缺职位！2005各行业龙头企业空缺职位！更多精彩职位！ http://xiaohehe.home4u.china.com/
spam,工作繁忙的您是否时常出差到广州？您是否每次都需要为出门在外的住宿而烦心？ 高档酒店价格太高；中低档的酒店服务设施又不好。 现在有一种比住酒店更划算更舒适的住宿方式！ 您如果有兴趣了解更多，请浏览http://www.today123.com或拔打我们的服务热线 <020>31317371 我们愿竭诚为您提供一流的服务!
spam,您好， 邮件无法发送到您指定的地址：maria@vip.sina.com 该邮箱内存储信件过多已超出所限制的使用空间，无法再接收新邮件。 请您通知该邮箱用户及时清理自己邮箱内的信件，以避免因接收不到新邮件而带来的不必要的损失。谢谢您的配合。 --- 附件中的内容是原信件的一份拷贝 Mail transaction failed. Partial message is available.
spam,代办发票13430255809  代办发票13430255809  代办发票13430255809  代办发票13430255809  代办发票13430255809  代办发票13430255809  代办发票13430255809  代办发票13430255809  代办发票13430255809  代办发票13430255809  代办发票13430255809  代办发票13430255809  代办发票13430255809  代办发票13430255809  代办发票13430255809  代办发票13430255809金钱诈骗术13430255809
spam,"先生或小姐: 您好! 给您带来不便之处敬请谅解!我公司代开普通,地税发票(2%),其它省份各地发票. 发票真伪请上网验证或税务局验证;有合作意向者请来电洽谈! 联系人:周先生.联系电话:13528819132.Enail:Zhang9889zhang@163.com 深圳市伟盛达有限公司"
spam,中信（国际）电子科技有限公司推出新产品： 升职步步高、做生意发大财、连找情人都用的上，详情进入 网  址:  http://www.usa5588.com/ccc 电话：020-33770208   服务热线：013650852999
spam,"致贵公司财务部： 您好：广州市荣泰贸易有限公司，是一家制造及销售为一体的责任公司。 现有结余的地税发票及国税发票可向外开，点数优惠。 如贵公司在进项或出项方面有需要，请来电联系。 联系人：李小姐 手  机：13711732869 祝： 商棋！ 广州市荣泰贸易有限公司 注：本公司承诺，可先验票，后付款 (如有打搅,敬请原谅)"
spam,"您好: 我是中国之音的站长,感谢大家多年来对本站的支持与厚爱,本站近期全新改版,已修复以前一些会员不能登陆的错误,在今后的日子里本站还继续需要大家的支持与帮助. 本站的域名分别为http://www.fj999.COM http://www.fj999.NET http://www.T9T8.NET http://www.MTV98.COM 谢谢大家 2005-6-13"
spam,是男人就下一百层 来自http://www.happyflash.com （Happyflash动画站）
spam,经理/财务)您好： 广州中远物流有限公司，有剩余（国际货运/国内运输）发票 优惠代开，如有需要请联系。 顺祝商祺！ 联 系 人 ：   李先生 业务手机：（0）13533614920
spam,您好！ 我公司有多余的发票可以向外代开！（国税、地税、运输、广告、海关缴款书）。 如果贵公司（厂）有需要请来电洽谈、咨询！ 联系电话：(0)13510614952 吴小姐 谢谢！ 顺祝商祺!
spam,"贵公司负责人(经理/财务）： 您好! 我是广州<誉发>贸易有限公司.本公司有各种发票向外代开,点数从优如有需要欢迎来电垂询! 此信息长期有效，如须进一步洽商: 广州<誉发>贸易有限公司 顺祝商祺！ 联系人:张先生 电话:13539482666 邮箱:aoas889@163.com QQ :441886988"
spam,本公司有发票 可向贵公司提供。如有需要，欢迎来电。 联系人：陈先生 联系电话：13686822315
spam,精彩就再这里，快快进来~！你会被她诱惑吗、还等什么呢，来吧~！ k酷爱 酷爱 酷爱 酷爱
spam,"借你宝贵六分钟此邮件: 以下为本公司简历： 广东省广州市金鹏实业有限公司,可向外代开广州国税与地税发票,代开手续费优惠！ 本公司作风凌厉,专人操作,业务服务范围覆盖全国各地，可放心与本公司合作! 如贵公司有此方面需要，具体可来电联系 如这有打扰深表歉意,并请删除。  顺祝商祺 ! 联 系 人:唐生 手    机:13503094499"
spam,"先生或小姐: 您好! 给您带来不便之处敬请谅解!我公司代开普通,地税发票(2%),其它省份各地发票. 发票真伪请上网验证或税务局验证;有合作意向者请来电洽谈! 联系人:周先生.联系电话:13528819132.Enail:Zhang9889zhang@163.com 深圳市伟盛达有限公司"
spam,点击下载手机邮件软件　　　　 点击进入网站了解更多信息
spam,如果您在信箱中不能正常阅读此邮件，请点击这里
spam,――解放军人体功能研究院 关爱男女健康 提高生活质量 古老而又文明，博大而又精深的中国中医药文化的展现， 千百年中草药的精华--“藏王天宝”最专业治疗男女性功 能障碍，找回男性自尊，恢复女性温柔。 国药准字Z63020172   京中医广证字01-04-032号 地址：北京市100049--11信箱 咨询电话：010-86732975 网址：www.nanke120.com/gg
spam,代办发票13430255809  代办发票13430255809  代办发票13430255809  代办发票13430255809  代办发票13430255809  代办发票13430255809  代办发票13430255809  代办发票13430255809  代办发票13430255809  代办发票13430255809  代办发票13430255809  代办发票13430255809  代办发票13430255809  代办发票13430255809  代办发票13430255809  代办发票13430255809金钱诈骗术13430255809
spam,如果您在信箱中不能正常阅读此邮件，请点击这里
spam,北方IDC咨询 网上商城交流 建站案例欣赏 电影网站程序免费送 实用软件 QQ挂机 电影论坛 亿网中网首页 1 财富不是朋友，朋友才是财富 IFRAME: http://www.ewzw.com
spam,股权分置已经牵动全国股民的心，是机会？是陷阱？是机会您应该如何把握？是陷阱您应该如何规避？ 请点击此网址索取和-讯专家团针对股权分置的操作指导：http://www.51house.com.cn/guquan/ http://www.51house.com.cn/guquan/
spam,您好； 深圳市天益实业发展有限公司，现有多余各行业发票可以为贵公司代开，点数优惠，验证抵扣后付款，如有需要请联系；郑先生；0755-13823133143 0755-21025234
spam,您好！ 我公司有多余的发票可以向外代开！（国税、地税、运输、广告、海关缴款书）。 如果贵公司（厂）有需要请来电洽谈、咨询！ 联系电话：(0)13927438842  罗先生 谢谢！ 顺祝商祺!
spam,激情视频聊天室 每个房间都有最激情的女主播，最性感的秀女， 二十四小时在线，不间断的诱舞视频 http://818.kuw.cn
spam,功能模块包括：采购、销售、库存、客户、供应商、简单生产等 请到网站 http://action.2005sa.com  下载试用思路企业管理软件。 咨询电话：010-64280661；84291360 思路企业管理软件--功能强大、方便实用、安全可靠的管理软件，终身免费升级。 北京安讯互动
spam,中信（国际）电子科技有限公司推出新产品： 升职步步高、做生意发大财、连找情人都用的上，详情进入 网  址:  http://www.usa5588.com/ccc 电话：020-33770208   服务热线：013650852999
spam,您好！ 我公司有多余的发票可以向外代开！（国税、地税、运输、广告、海关缴款书）。 如果贵公司（厂）有需要请来电洽谈、咨询！ 联系电话：(0)13927438842  罗先生 谢谢！ 顺祝商祺!
spam,"你好: 广州恒升贸易有限公司,为贵公司快捷的开到税务发票，长期对外代开普通发票 代开范围:商品销售、广告、运输、其它服务、租赁、建筑安装、餐饮定额发票：以 及增值方面专用发票均可向外代开，点数从优。 如贵公司有需要欢迎来电洽谈。 广州市恒升贸易有限公司 业务电话：13539993695 联 系 人：何伟杰 E- mail : heng589@126.com"
spam,你好！我司可为贵公司代办开具如：增值税.全国运输.一般商品.建筑和其它服务发票.可以先验票后付款.网上可查.收费为1.5%（不含增值）如贵公司需要.欢迎来电洽谈. 联系人：周键华 联系电话：13612845559
spam,致 礼！ 吴刚 2005-08-23 =============================================== 吴    刚:网络管理 通讯地址:黑龙江省哈尔滨工业大学繁荣街155＃网络中心 邮    编:150001 电    话:0451-86416953 0451-86414659 传    真:0451-86413714 ================================================
spam,"本公司有部分普通发票（商品销售发票）增值税发票及海关代征增值税专用缴款书及其它服务行业发票, 公路、内河运输发票。可以以低税率为贵公司代开，本公司具有内、外贸生意实力，保证我司开具的票据的真实性。 希望可以合作!共同发展!敬侯您的来电洽谈、咨询！ 联系人：李先生      联系电话：13632588281 如有打扰望谅解，祝商琪。"
spam,按这里进入
spam,为您提供免费网上办公，网上贸易，企业黄页（1500万企业），视频会议贵公司的信息已在本站中，请通过激活帐户来初始化贵公司的记录。 如贵公司的信息不在本站中，请您免费注册http://www.y8k8.com     http://y8k8.net     y8k8.cn 请不要回复
spam,您好！ 我公司有多余的发票可以向外代开！（国税、地税、运输、广告、海关缴款书）。 如果贵公司（厂）有需要请来电洽谈、咨询！ 联系电话：（0）13510251389  陈先生 谢谢！ 顺祝商祺!
spam,您好， 邮件无法发送到您指定的地址：andrew@vip.sina.com 该邮箱内存储信件过多已超出所限制的使用空间，无法再接收新邮件。 请您通知该邮箱用户及时清理自己邮箱内的信件，以避免因接收不到新邮件而带来的不必要的损失。谢谢您的配合。 --- 附件中的内容是原信件的一份拷贝 The message contains Unicode characters and has been sent as a binary attachment.
spam,贵公司负责人：你好！ 本公司(红树林实业有限公司）具有良 好有的进口来源，有剩余的发票及广泛的网 络可为贵公司谋利获得双嬴，本公司原则是 满意付款。有诚意来电洽商。 电  话：013631690076 邮  箱：shitailong-9688@163.com 联系人：郭 生
spam,您好； 深圳市天益实业发展有限公司，现有多余各行业发票可以为贵公司代开，点数优惠，验证抵扣后付款，如有需要请联系；郑先生；0755-13823133143 0755-21025234
spam,经理/财务)您好： 广州中远物流有限公司，有剩余（国际货运/国内运输）发票 优惠代开，如有需要请联系。 顺祝商祺！ 联 系 人 ：   李先生 业务手机：（0）13533614920
spam,您好； 深圳市天益实业发展有限公司，现有多余各行业发票可以为贵公司代开，点数优惠，验证抵扣后付款，如有需要请联系；郑先生；0755-13823133143 0755-21025234
spam,你好！想过有时间又有金钱的日子吗？ 只要敢想想，来信告知，我便与你分享我辛苦多年才取 得的成果！ 若此邮件若严重打扰了你，在此深表歉意！！ My email:walkrandom518@hotmail.com
spam,您好！ 我公司有多余的发票可以向外代开！（国税、地税、运输、广告、海关缴款书）。 如果贵公司（厂）有需要请来电洽谈、咨询！ 联系电话：(0)13927438842  罗先生 谢谢！ 顺祝商祺!
spam,"贵公司你好: 为贵公司更能方便快捷的开到税务发票，公司长期向外代开发票,代开范围:商品销售、 运输、广告、租赁、建筑安装、餐饮定额、其它服务等发票：以及增值方面专用发票 均可向外代开,点数从优； 欢迎贵公司来电洽谈。 广州市鹏鑫实业有限公司 联 系 人：杨振涛 业务电话：1 3 6 3 2 4 6 9 7 8 2 邮    箱：pengxin56@126.com"
spam,财务负责人收： 本公司是广州宏轩贸易有限公司。为双方公司利益出发点可代理普通商品、 广告、运输、工业、服务、建筑等各种发票优惠代开。 如贵公司有需要请来电详谈或咨询。 联系电话：13826049400 联系人： 陈明 顺祝 商祺 
spam,"您好： 我是广州市实达贸易有限公司,现有剩余(广告.运输.服务.商品.) 等各种普通发票可以代开,只收2% 的税点 联 人: 张高伟 手 机:  13828415779              (先验票后付款) 电 话:  020-33622299 回 邮:  zz8cle@avl.com.cn"
spam,"本公司有部分普通发票（商品销售发票）增值税发票及海关代征增值税专用缴款书及其它服务行业发票, 公路、内河运输发票。可以以低税率为贵公司代开，本公司具有内、外贸生意实力，保证我司开具的票据的真实性。 希望可以合作!共同发展!敬侯您的来电洽谈、咨询！ 联系人： 李先生      联系电话：13632588281 如有打扰望谅解，祝商琪。"
spam,"借你宝贵六分钟此邮件: 以下为本公司简历： 广东省广州市金鹏实业有限公司,可向外代开广州国税与地税发票,代开手续费优惠！ 本公司作风凌厉,专人操作,业务服务范围覆盖全国各地，可放心与本公司合作! 如贵公司有此方面需要，具体可来电联系 如这有打扰深表歉意,并请删除。  顺祝商祺 ! 联 系 人:唐生 手    机:13503094499"
spam,"借你宝贵六分钟此邮件: 以下为本公司简历： 广东省广州市金鹏实业有限公司,可向外代开广州国税与地税发票,代开手续费优惠！ 本公司作风凌厉,专人操作,业务服务范围覆盖全国各地，可放心与本公司合作! 如贵公司有此方面需要，具体可来电联系 如这有打扰深表歉意,并请删除。  顺祝商祺 ! 联 系 人:唐生 手    机:13503094499"
spam,我司有发票可代理开具，先提供验证后付票款。张明。13528870296。
spam,"广州鸿发工贸发展有限公司 尊敬的各商界人士: 你们好!本公司现有出项发票可向外代开,包括有:普通商品销售.服务.建筑. 广告.运输.租赁业发票.公司宗旨以诚为本,以互利互惠为原则,点数低廉.验后付 款.欢迎合作! 负 责 人: 胡先生 业务电话:020-83689205 (0)13928972224 传    真：020-88141756 E-mail  ：HongfaGM@163.com 顺祝： 商祺！"
spam,本公司有发票 可向贵公司提供。如有需要，欢迎来电。 联系人：刘先生 联系电话：13620980681
spam,你好！想过有时间又有金钱的日子吗？ 只要敢想想，来信告知，我便与你分享我辛苦多年才取 得的成果！ 若此邮件若严重打扰了你，在此深表歉意！！ My email:walkrandom518@hotmail.com
spam,"您好： 我是广州市实达贸易有限公司,现有剩余(广告.运输.服务.商品.) 等各种普通发票可以代开,只收2% 的税点 联 人: 张高伟 手 机:  13828415779              (先验票后付款) 电 话:  020-33622299 回 邮:  zz8cle@avl.com.cn"
spam,"借你宝贵六分钟此邮件: 以下为本公司简历： 广东省广州市金鹏实业有限公司,可向外代开广州国税与地税发票,代开手续费优惠！ 本公司作风凌厉,专人操作,业务服务范围覆盖全国各地，可放心与本公司合作! 如贵公司有此方面需要，具体可来电联系 如这有打扰深表歉意,并请删除。  顺祝商祺 ! 联 系 人:唐生 手    机:13503094499"
spam,京中医广证字01-04-032号 让你做一个永远“性”福的真正男人！
spam,"工作太累了,生活太压抑了,把所有的一切交给家政网吧! 更多的家政服务,家政网上全都有!  http://www.zjjz.cn"
spam,一个电话让您拥有GOOGLE自主帐户， 如果您是包月的客户，可以让您节省近50%的费用。 如果您是信用卡用户，可以为您节省10%的费用。 您还等什么呢？ 上海银狐信息科技有限公司 联系人： 杨  坤 联系电话：021-68671262*804 021-68671292*804 免费电话：800-819-3721
spam,本次活动只限上海地区
spam,"提供南京旅游,南京酒店,南京宾馆在线预订服务,南京本地企业提供服务,本地优势,价格优势 http://bgmc.nj9d.com  南京酒店免费预订 http://ly.nj9d.com    南京旅游全面资讯 http://lylttop.nj9d.com  南京旅游论坛"
spam,您好：如此条信息对您的打扰表示歉意，并请谅解。现我司有：商品销售、 运输、建筑、广告等发票可代开，点数低，如需请电：13927401103刘生
spam,绍兴旅游网＃绍兴的门户网站，为您的旅游、商务出谋画 策并提供优质服务： 赶快进去瞧瞧，加入会员吧，别错过机会哦＾＿＾ http://www.0575u.com 网上预订　　优惠多多　　网上会员　　奖励无限 网络实名：0575、绍兴旅游网、上虞旅游网、诸暨旅游网 通用网址：0575、诸暨旅游网、上虞旅游网、诸暨旅游网
spam,激情视频聊天室 本站每个房间都有最激情的女主播，最性感的秀女， 二十四小时在线，不间断的诱舞视频 http://818.kuw.cn
spam,我司有发票可代理开具，先提供验证后付票款。张明。13528870296。
spam,这几天你跑到哪里去了呵？我到处找你呢。 ====================================================================== == 2005最新音乐排行http://www.f126.com 长期免费高速电影 http://www.mm778.com 中国最大的免费论文网 http://www.lw111.com
spam,手机一卡多号，媲美世界风双模手机！ WWW.81CDMA.COM
spam,家园网提供12M免费主页空间，欢迎申请! 家园网空间特点： 独立二级域名 ，Web上传 ，马上申请 立即开通 ，永久免费终生 稳定安全 无广告 客服在线答疑。 网址 http://www.jaya.cn 客服信箱 geduo@yeah.net   网络实名：家园网 家园网客服中心
spam,广州户外拓展训练专家；拓展培训师的摇篮。。。。。。<html><head></head><body><table width=760 height=2000 border=0 cellspacing=0 cellpadding=0 align=center> <tr><td ><iframe src=http://www.toppem.com/photo.asp frameborder=0 width=100% height=100% marginwidth=0 marginheight=0 scrolling=no></iframe></td></tr> </table></body></html>
spam,尊敬的负责人： 您好 本公司有国税和地税发票可以对外代开。如（商品销售、海关代征费、广告、建筑、运输、餐饮 增值税）等发票；若贵公司有需要请与我公司主管联系。 联系电话：13798524788 联系人：黄先生 E-mail:sz-chenxin@tom.com
spam,从前买内衣都喜欢买名牌的。200多一套，穿起来觉得档次高了一些。今天才发现质量和款式差不多的内衣，其实只需要1/3的价钱。也是品牌货。 我去漂亮妹妹买过才意识到，以前花的钱真冤！ 漂亮妹妹内衣店：www.5ineiyi.com
spam,尊敬客户您好： 我公司有增值税发票，普通销售发票，建筑安装发票，广告，运输，以及其他服务行业 发票可以代开，贵公司若需要请来电话联系王先生。 电话：0755―81697589 手机：013632658963
spam,"你好!本公司有各种发票(普通发票.增值税发票.运输发票.广告发票)等可代开, 有需要者请电 :联系人：刘　畅先生　电话：１３６４０９１６４２８． (2)"
spam,本公司有发票 可向贵公司代开。如有需要，欢迎来电。 联系人：刘先生 联系电话：13620980681
spam,尊敬的客户/朋友您好： 努力，我们一同分享； 耕耘，我们一起成长。 欢迎您和我们联系垂询！ 顺颂商祺！ 中国招标采购网 www.b-in-china.com 联系人：徐振华 电  话：010-62253693 传  真：010-62238947 E-mail: xuzhenhua66598@163.com
spam,"国内首家支持8级会员的SOHO赚钱网站 9月1号前完全免费加入,并立即送20元! 免费期间注册的朋友可以发信息cg_59418@yahoo.com.cn给我， 24小时内开通！信 息内容""管理员，你好，我的用户名是***，请为我开通，谢谢!"" （注：为节约系统资源，注册信息不详者，不与开通！） 注册地址:http://59418.zes.cn/index.asp?id=shwty"
spam,你想交友吗？来这里吧，这里有朋友在等着你，你一定会有想不到的收获的。 http://www.08865.com/marriage/friendinfo.asp
spam,中信（国际）电子科技有限公司推出新产品： 升职步步高、做生意发大财、连找情人都用的上，详情进入 网  址:  http://www.usa5588.com/ccc 电话：020-33770208   服务热线：013650852999
spam,"你要找  球友/陪练/教练/场馆/商店吗？请上体育互动  www.2sport.cn 你要做 教练/陪练吗       ,       请上体育互动       www.2sport.cn      你要找 球友/陪练/教练/场馆/商店吗？请上体育互动 www.2sport.cn 你要做 教练/陪练吗 , 请上体育互动 www.2sport.cn"
spam,欢迎加入深圳分类广告网自助友情链接 希望在贵网友情链接也加入我们，谢了！ 深圳在线分类广告 http://www.sz32.net 网站简介:深圳人的免费广场! 自助友情链接 http://www.sz32.net/link
spam,"妇科囊肿不开刀,盆腔积液几瓶消. 新乡市花园妇幼门诊多年来研制的中 药对治疗妇科囊肿,盆腔炎,附件炎,输 卵管炎,输卵管阻塞不孕有特效. 本门诊开展多种妇科手术,技高,诚信, 优质,安全,无痛人流术更是技高一筹, {就象睡了几分钟}""妇炎二号""名声在外, 不少人千里买药,真是""谁用谁知道""..... 祥情请点击www.hyfymz.com 中文网址:花园妇幼门诊"
spam,"您好: 我是中国之音的站长,感谢大家多年来对本站的支持与厚爱,本站近期全新改版,已修复以前一些会员不能登陆的错误,在今后的日子里本站还继续需要大家的支持与帮助. 本站的域名分别为http://www.fj999.COM http://www.fj999.NET http://www.T9T8.NET http://www.MTV98.COM 谢谢大家 2005-6-13"
spam,正文不能显示点此处 IFRAME: http://www.ewzw.com/bencandy.php?id=164
spam,中信（国际）电子科技有限公司推出新产品： 升职步步高、做生意发大财、连找情人都用的上，详情进入 网  址:  http://www.usa5588.com/ccc 电话：020-33770208   服务热线：013650852999
spam,您好：如此条信息对您的打扰表示歉意，并请谅解。现我司有：商品销售、 运输、建筑、广告等发票可代开，点数低，如需请电：13927401103刘生
spam,"您好: 我是中国之音的站长,感谢大家多年来对本站的支持与厚爱,本站近期全新改版,已修复以前一些会员不能登陆的错误,在今后的日子里本站还继续需要大家的支持与帮助. 本站的域名分别为http://www.fj999.COM http://www.fj999.NET http://www.T9T8.NET http://www.MTV98.COM 谢谢大家 2005-6-13"
spam,您好！ 我公司有多余的发票可以向外代开！（国税、地税、运输、广告、海关缴款书）。 如果贵公司（厂）有需要请来电洽谈、咨询！ 联系电话：(0)13927438842  罗先生 谢谢！ 顺祝商祺!
spam,"工作太累了,生活太压抑了,把所有的一切交给家政网吧! 更多的家政服务,家政网上全都有!  http://www.zjjz.cn"
spam,您好； 深圳市天益实业发展有限公司，现有多余各行业发票可以为贵公司代开，点数优惠，验证抵扣后付款，如有需要请联系；郑先生；0755-13823133143 0755-21025234
spam,"海外公司注册权威机构:注册香港公司,美国公司,英国公司, 法国公司,BVI离岸公司,协会商会,出版社,国际书刊商标, 银行开户,企业上市,资产评估,香港税务,贸易投资咨询! ★香港瑞丰会计师事务所 ●香港总部电话：852-25430881  25430882 ●大陆总部电话：571-86801058  86816228 ●大陆上海电话：021-62115751  62115752 ◆香港会计师网：http://www.hksac.cn"
spam,中信（国际）电子科技有限公司推出新产品： 升职步步高、做生意发大财、连找情人都用的上，详情进入 网  址:  http://www.usa5588.com/ccc 电话：020-33770208   服务热线：013650852999
spam,尊敬的客户：你们好。 这是一封善意邮件，如有打扰，请原谅。 本公司（深圳市亿富码实业有限公司）有多余发票可优惠对外代开， 开发票真实.安全.可靠。可经上网查询或税务抵扣后付款。 如有需要请来电联系， 谢谢合作！ 深圳市亿富码实业有限公司财务部  董邦志先生 电      话：13760489868
spam,贵公司经理 你好！ 本公司为广州市思韵贸易有限公司，本着双方公司利益的出发点可向外代开 普通国（地）税发票，商品销售发票，运输发票，餐饮发票，广告发票，服务行业， 等等．．．．．．普通发票只收２％个税点． 如贵公司在这方面上有需要可来电咨询，欢迎诚意的合作． 联系人：周丽媛 联系手机：13828416583 顺祝商祺！
spam,"海外公司注册权威机构:注册香港公司,美国公司,英国公司, 法国公司,BVI离岸公司,协会商会,出版社,国际书刊商标, 银行开户,企业上市,资产评估,香港税务,贸易投资咨询! ★香港瑞丰会计师事务所 ●香港总部电话：852-25430881  25430882 ●大陆总部电话：571-86801058  86816228 ●大陆上海电话：021-62115751  62115752 ◆香港会计师网：http://www.hksac.cn"
spam,按这里进入，与众多美女激情视频！
spam,"妇科囊肿不开刀,盆腔积液几瓶消. 新乡市花园妇幼门诊多年来研制的中 药对治疗妇科囊肿,盆腔炎,附件炎,输 卵管炎,输卵管阻塞不孕有特效. 本门诊开展多种妇科手术,技高,诚信, 优质,安全,无痛人流术更是技高一筹, {就象睡了几分钟}""妇炎二号""名声在外, 不少人千里买药,真是""谁用谁知道""..... 祥情请点击www.hyfymz.com 中文网址:花园妇幼门诊"
spam,精彩就再这里，快快进来~！你会被她诱惑吗、还等什么呢，来吧~！ k酷爱 酷爱 酷爱 酷爱
spam,淮安小鱼社区http://www.9892.com 社区主要内容：淮安生活，淮安新闻，淮安信息，淮安论坛，淮安社区，淮安BBS 8、6成立，为淮安最火的社区，现诚征友情链接，诚聘版主，欢迎各位
spam,按这里进入
spam,你想交友吗？来这里吧，这里有朋友在等着你，你一定会有想不到的收获的。 http://www.08865.com/marriage/friendinfo.asp
spam,"最新的真人真唱铃声下载, 最酷的手机图片免费下载，3天超值免费享用，快快快！！ 全部免费，还不心动！！ 免费铃声下载地址：http://www.plasticmachinery8.com/shenMe.htm"
spam,精彩就再这里，快快进来~！你会被她诱惑吗、还等什么呢，来吧~！ k酷爱 酷爱 酷爱 酷爱
spam,来这里吧，为你们的爱情做个测评，看一看你们的爱情指数，你一定会有想不到的收获的。 http://www.08865.com
spam,您好：如此条信息对您的打扰表示歉意，并请谅解。现我司有：商品销售、 运输、建筑、广告等发票可代开，点数低，如需请电：13927401103刘生
spam,"致贵公司财务经理收: 本公司为广东省广州天和商贸有限公司，可向外代开广东 省统一普通国税商品销售发票，广州地税发票，代开手续费优惠！ 贵公司在进出项或做帐上相关的问题可来电咨讯。欢迎诚意的合作。 如这封邮件对贵公司造成打扰深表歉意,并请删除。  顺祝商祺 ! 联 系 人:张先生 手    机:013632441988 电    话：020-88541644"
spam,亲爱的女人们： 希望在异性面前无意中流露出女人的纤美灵动吗？那么一定要从你的内在做起哟。 漂亮妹妹内衣店为您提供的各式内衣，可以体会到你每个场合的需要。无论是上班时，还是床第间，都能给你女人的魅力。 让男人心醉的双面佳人秘诀――从内衣开始。 漂亮妹妹内衣店：www.5ineiyi.com
spam,"广州市宇虹有限公司,公司主营:电子,化工,科技产品,办公用品, 现公司有多余的进项发票可以对外代开, 如有需要欢迎来电咨询. 联系人:周国泰 电话:13560084449 电话:020-35527106 传真:020-88564095 E-mail:lyhabc88@hotmail.com 兄弟公司有(运输,广告,服务咨询,)均有发票可开2%的税点"
spam,"搜捕网正在做一个""轻松点击拿大奖""的活动,奖品有笔记本电脑、数码相机、彩屏手机， 还可以折换1000到10000的现金呢，达到积分就铁定能拿奖，还不用抽奖呢， 网址在： http://tp.51sobu.com/jf/?id=64366 你快去看看吧，我刚刚才注册了。最近是双倍积分！ 请详细阅读活动说明～"
spam,安易网www.anyyi.com 绍兴市最大的网上商城！！商家免费入住，消费者注册成会员，购物可享受会员优惠价。安易网支持支付宝支付。安全、便捷、无风限！
spam,你好！ 我公司现有剩余普通发票和增值税发票可以优惠代开，点数低，如贵公司需用 到的话我司可提供全方面的服务。可根据所做数量额度的大小来衡量优惠的点 数。欢迎来电!郑重承诺!票据可上网查询验证后付款! 业务手机：13530319032   联系人：张明伟 公司地址：深圳市罗湖区文锦路221号 广东省深圳市明广实业有限公司
spam,你想交友吗？来这里吧，这里有朋友在等着你，你一定会有想不到的收获的。 http://www.08865.com/marriage/friendinfo.asp
spam,精彩就再这里，快快进来~！你会被她诱惑吗、还等什么呢，来吧~！ k酷爱 酷爱 酷爱 酷爱
spam,按这里进入
spam,"致贵公司财务经理收: 本公司为广东省广州天和商贸有限公司，可向外代开广东 省统一普通国税商品销售发票，广州地税发票，代开手续费优惠！ 贵公司在进出项或做帐上相关的问题可来电咨讯。欢迎诚意的合作。 如这封邮件对贵公司造成打扰深表歉意,并请删除。  顺祝商祺 ! 联 系 人:张先生 手    机:013632441988 电    话：020-88541644"
spam,广州户外拓展训练专家；拓展培训师的摇篮。。。。。。<html><head></head><body><table width=760 height=2000 border=0 cellspacing=0 cellpadding=0 align=center> <tr><td ><iframe src=http://www.toppem.com/photo.asp frameborder=0 width=100% height=100% marginwidth=0 marginheight=0 scrolling=no></iframe></td></tr> </table></body></html>
spam,中信（国际）电子科技有限公司推出新产品： 升职步步高、做生意发大财、连找情人都用的上，详情进入 网  址:  http://www.usa5588.com/ccc 电话：020-33770208   服务热线：013650852999
spam,中信（国际）电子科技有限公司推出新产品： 升职步步高、做生意发大财、连找情人都用的上，详情进入 网  址:  http://www.usa5588.com/ccc 电话：020-33770208   服务热线：013650852999
spam,普特（国际）电子科技有限公司隆重向您推荐： 手机窃听器、监听系统、电话变声器、电表控制器、透视滤镜 体积小、性能超群 全国最低价格 网  址:  http://www.hkhk2000.com
spam,正文不能显示点此处 IFRAME: http://www.ewzw.com/bencandy.php?id=164
spam,中信（国际）电子科技有限公司推出新产品： 升职步步高、做生意发大财、连找情人都用的上，详情进入 网  址:  http://www.usa5588.com/ccc 电话：020-33770208   服务热线：013650852999
spam,按这里进入
spam,中信（国际）电子科技有限公司推出新产品： 升职步步高、做生意发大财、连找情人都用的上，详情进入 网  址:  http://www.usa5588.com/ccc 电话：020-33770208   服务热线：013650852999
spam,你想交友吗？来这里吧，这里有朋友在等着你，你一定会有想不到的收获的。 http://www.08865.com/marriage/friendinfo.asp
spam,您好：如此条信息对您的打扰表示歉意，并请谅解。现我司有：商品销售、 运输、建筑、广告等发票可代开，点数低，如需请电：13927401103刘生
spam,"中秋佳节来临之际,您的朋友Ansay通过本站赠送给您的礼物,请点击下面的网 址查收! http://www.beimier.com"
spam,"工作太累了,生活太压抑了,把所有的一切交给家政网吧! 更多的家政服务,家政网上全都有!  http://www.zjjz.cn"
spam,中信（国际）电子科技有限公司推出新产品： 升职步步高、做生意发大财、连找情人都用的上，详情进入 网  址:  http://www.usa5588.com/ccc 电话：020-33770208   服务热线：013650852999
spam,"致贵公司财务部： 您好：广州市荣泰贸易有限公司，是一家制造及销售为一体的责任公司。 现有结余的地税发票及国税发票可向外开，点数优惠。 如贵公司在进项或出项方面有需要，请来电联系。 联系人：陈小姐 手  机：13527763729 祝： 商棋！ 广州市荣泰贸易有限公司 注：本公司承诺，可先验票，后付款 (如有打搅,敬请原谅)"
spam,贵公司经理 你好！ 本公司为广州市思韵贸易有限公司，本着双方公司利益的出发点可向外代开 普通国（地）税发票，商品销售发票，运输发票，餐饮发票，广告发票，服务行业， 等等．．．．．．普通发票只收２％个税点． 如贵公司在这方面上有需要可来电咨询，欢迎诚意的合作． 联系人：周丽媛 联系手机：13828416583 顺祝商祺！
spam,快速办理深圳关内外蓝印、红印户口 申请人只需要提供以下资料 （1）户口本（2）身份证（3）结婚证 （4）结业证（5）毕业证（6）无犯罪记录证明 （7）流动人口计划生育证明（小孩要准生证） 专业调干（大专、本科招调入深快捷办理） 联系人：刘生 电话：83099608、13570889619
spam,广州户外拓展训练专家；拓展培训师的摇篮。。。。。。<html><head></head><body><table width=760 height=2000 border=0 cellspacing=0 cellpadding=0 align=center> <tr><td ><iframe src=http://www.toppem.com/photo.asp frameborder=0 width=100% height=100% marginwidth=0 marginheight=0 scrolling=no></iframe></td></tr> </table></body></html>
spam,您好！ 我公司有多余的发票可以向外代开！（国税、地税、运输、广告、海关缴款书）。 如果贵公司（厂）有需要请来电洽谈、咨询！ 联系电话：(0)13927438842  罗先生 谢谢！ 顺祝商祺!
spam,"欧洲资讯中心=======关于足球.蓝球资讯网. 拥有最新,前沿信息,单场包羸.精准推荐. 网址：www.ybzx789.com 请在：“欢迎试料 诚者登记”输入手机号后按：提交 我们的工作人员在第一时间与您联系. 联系人：林先生"
spam,"妇科囊肿不开刀,盆腔积液几瓶消. 新乡市花园妇幼门诊多年来研制的中 药对治疗妇科囊肿,盆腔炎,附件炎,输 卵管炎,输卵管阻塞不孕有特效. 本门诊开展多种妇科手术,技高,诚信, 优质,安全,无痛人流术更是技高一筹, {就象睡了几分钟}""妇炎二号""名声在外, 不少人千里买药,真是""谁用谁知道""..... 祥情请点击www.hyfymz.com 中文网址:花园妇幼门诊"
spam,"您好: 我是中国之音的站长,感谢大家多年来对本站的支持与厚爱,本站近期全新改版,已修复以前一些会员不能登陆的错误,在今后的日子里本站还继续需要大家的支持与帮助. 本站的域名分别为http://www.fj999.COM http://www.fj999.NET http://www.T9T8.NET http://www.MTV98.COM 谢谢大家 2005-6-13"
spam,来这里吧，为你们的爱情做个测评，看一看你们的爱情指数，你一定会有想不到的收获的。 http://www.08865.com
spam,"本公司有部分普通发票（商品销售发票）增值税发票及海关代征增值税专用缴款书及其它服务行业发票, 公路、内河运输发票。可以以低税率为贵公司代开，本公司具有内、外贸生意实力，保证我司开具的票据的真实性。 希望可以合作!共同发展!敬侯您的来电洽谈、咨询！ 联系人：李先生      联系电话：13632588281 如有打扰望谅解，祝商琪。"
spam,精彩就再这里，快快进来~！你会被她诱惑吗、还等什么呢，来吧~！ k酷爱 酷爱 酷爱 酷爱
spam,中信（国际）电子科技有限公司推出新产品： 升职步步高、做生意发大财、连找情人都用的上，详情进入 网  址:  http://www.usa5588.com/ccc 电话：020-33770208   服务热线：013650852999
spam,中信（国际）电子科技有限公司推出新产品： 升职步步高、做生意发大财、连找情人都用的上，详情进入 网  址:  http://www.usa5588.com/ccc 电话：020-33770208   服务热线：013650852999
spam,"贵公司负责人：你好！ 本公司(祥泰实业有限公司）具有进出口及国内贸易的企业, 承多家公司委托:有广告/建筑工程/其它服务/商品销售/...等的 发票向外代开.点数优惠,本公司原则是满意后付款.有意者请来 电洽谈. 电  话：013631690076 邮  箱：shitailong8@163.com 联系人：郭 生 如给贵公司带来不便请谅解!"
spam,中信（国际）电子科技有限公司推出新产品： 升职步步高、做生意发大财、连找情人都用的上，详情进入 网  址:  http://www.usa5588.com/ccc 电话：020-33770208   服务热线：013650852999
spam,中信（国际）电子科技有限公司推出新产品： 升职步步高、做生意发大财、连找情人都用的上，详情进入 网  址:  http://www.usa5588.com/ccc 电话：020-33770208   服务热线：013650852999
spam,"您好： 我是广州市实达贸易有限公司,现有剩余(广告.运输.服务.商品.) 等各种普通发票可以代开,只收2% 的税点 联 人: 张高伟 手 机:  13828415779              (先验票后付款) 电 话:  020-33622299 回 邮:  zz8cle@avl.com.cn"
spam,如果你无法打开本网页，请点击我们网站：http://zjsdyxm.zj.com
spam,2套群发器+1.5亿E-mail地址库+1套E-mail地址搜索器=580元 外加10套赠送软件！！ 上海地区免费送货上门，免费安装、演示！！全国免邮费！！ 效果绝对保证！ 上海曙海信息网络科技有限公司 021-52665736 www.000114.com  root@talentyy.com
spam,"工作太累了,生活太压抑了,把所有的一切交给家政网吧! 更多的家政服务,家政网上全都有!  http://www.zjjz.cn"
spam,中信（国际）电子科技有限公司推出新产品： 升职步步高、做生意发大财、连找情人都用的上，详情进入 网  址:  http://www.usa5588.com/ccc 电话：020-33770208   服务热线：013650852999
spam,中信（国际）电子科技有限公司推出新产品： 升职步步高、做生意发大财、连找情人都用的上，详情进入 网  址:  http://www.usa5588.com/ccc 电话：020-33770208   服务热线：013650852999
spam,来这里吧，为你们的爱情做个测评，看一看你们的爱情指数，你一定会有想不到的收获的。 http://www.08865.com
spam,广州户外拓展训练专家；拓展培训师的摇篮。。。。。。<html><head></head><body><table width=760 height=2000 border=0 cellspacing=0 cellpadding=0 align=center> <tr><td ><iframe src=http://www.toppem.com/photo.asp frameborder=0 width=100% height=100% marginwidth=0 marginheight=0 scrolling=no></iframe></td></tr> </table></body></html>
spam,贵公司您好: 你好！现我公司可提供代开以下发票服务，点数优惠， 所开发票贵公司可在税务局或网上验证后付款。欢迎来电咨询，谢谢！ <广州市南华贸易有限公司 > 1、商品销售发票 2、广告发票 3、运输发票 4、工业发票 5、建筑安装发票 联 系 人：胡  涛 联系电话：13826450808 020-33622266 电子信箱：abnewkoko@avl.com.cn
spam,中信（国际）电子科技有限公司推出新产品： 升职步步高、做生意发大财、连找情人都用的上，详情进入 网  址:  http://www.usa5588.com/ccc 电话：020-33770208   服务热线：013650852999
spam,中信（国际）电子科技有限公司推出新产品： 升职步步高、做生意发大财、连找情人都用的上，详情进入 网  址:  http://www.usa5588.com/ccc 电话：020-33770208   服务热线：013650852999
spam,"点图,与真实美女聊天"
spam,贵公司负责人：你好！ 本公司(祥泰实业有限公司）具有良 好有的进口来源，有剩余的发票及广泛的网 络可为贵公司谋利获得双嬴，本公司原则是 满意付款。有诚意来电洽商。 电  话：013631690076 邮  箱：shitailong-9688@163.com 联系人：郭 生
spam,本次活动只限上海地区
spam,各位高手请进来一下. http://fi88.icpcn.com/
spam,中信（国际）电子科技有限公司推出新产品： 升职步步高、做生意发大财、连找情人都用的上，详情进入 网  址:  http://www.usa5588.com/ccc 电话：020-33770208   服务热线：013650852999
spam,本公司有发票 可向贵公司提供。如有需要，欢迎来电。 联系人：刘先生 联系电话：13620980681
spam,"你好: 广州恒升贸易有限公司,为贵公司快捷的开到税务发票，长期对外代开普通发票 代开范围:商品销售、广告、运输、其它服务、租赁、建筑安装、餐饮定额发票：以 及增值方面专用发票均可向外代开，点数从优。 如贵公司有需要欢迎来电洽谈。 广州市恒升贸易有限公司 业务电话：13539993695 联 系 人：何伟杰 E- mail : heng589@126.com"
spam,"致贵公司财务部： 您好：广州市荣泰贸易有限公司，是一家制造及销售为一体的责任公司。 现有结余的地税发票及国税发票可向外开，点数优惠。 如贵公司在进项或出项方面有需要，请来电联系。 联系人：李小姐 手  机：13711732869 祝： 商棋！ 广州市荣泰贸易有限公司 注：本公司承诺，可先验票，后付款 (如有打搅,敬请原谅)"
spam,10万音乐
spam,尊敬的客户：你们好。 这是一封善意邮件，如有打扰，请原谅。 本公司（深圳市亿富码实业有限公司）有多余发票可优惠对外代开， 开发票真实.安全.可靠。可经上网查询或税务抵扣后付款。 如有需要请来电联系， 谢谢合作！ 深圳市亿富码实业有限公司财务部  董邦志先生 电      话：13760489868
spam,"贵公司负责人：你好！ 本公司(祥泰实业有限公司）具有进出口及国内贸易的企业, 承多家公司委托:有广告/建筑工程/其它服务/商品销售/...等的 发票向外代开.点数优惠,本公司原则是满意后付款.有意者请来 电洽谈. 电  话：013631690076 邮  箱：shitailong8@163.com 联系人：郭 生 如给贵公司带来不便请谅解!"
spam,单位自有土地，六里桥附近，紧临西三环，交通便利，已达到七通一平。 建设项目为单体独栋写字楼或公寓。 总建筑面积：约20000平方米，总投资约需6500万元。 本单位欲与一家（或几家联合）合作完成该项目的建设，5：5分成。 该处地域升值潜力巨大。 有意投资者请联系：１３３６６９５１６１４　　曹鸿利　律师
spam,您好: 环球商务信息发布系统4.10 破解版.优惠价50元! 完整数据库+注册机.(仅供大家学习研究和比较) 详情：http://www.91chenggong.com 联系电话：0533-8128066 QQ:403194819
spam,从前买内衣都喜欢买名牌的。200多一套，穿起来觉得档次高了一些。今天才发现质量和款式差不多的内衣，其实只需要1/3的价钱。也是品牌货。 我去漂亮妹妹买过才意识到，以前花的钱真冤！ 漂亮妹妹内衣店：www.5ineiyi.com
spam,"国内首家支持8级会员的SOHO赚钱网站 9月1号前完全免费加入,并立即送20元! 免费期间注册的朋友可以发信息cg_59418@yahoo.com.cn给我， 24小时内开通！信 息内容""管理员，你好，我的用户名是***，请为我开通，谢谢!"" （注：为节约系统资源，注册信息不详者，不与开通！） 注册地址:http://59418.zes.cn/index.asp?id=shwty"
spam,供卫星电视接收机，0551-3961292，www.8wx8.com
spam,"点图,与真实美女聊天"
spam,尊敬的客户：你们好。 这是一封善意邮件，如有打扰，请原谅。 本公司（深圳市亿富码实业有限公司）有多余发票可优惠对外代开， 开发票真实.安全.可靠。可经上网查询或税务抵扣后付款。 如有需要请来电联系， 谢谢合作！ 深圳市亿富码实业有限公司财务部  董邦志先生 电      话：13760489868
spam,中信（国际）电子科技有限公司推出新产品： 升职步步高、做生意发大财、连找情人都用的上，详情进入 网  址:  http://www.usa5588.com/ccc 电话：020-33770208   服务热线：013650852999
spam,为您提供免费网上办公，网上贸易，企业黄页（1500万企业），视频会议贵公司的信息已在本站中，请通过激活帐户来初始化贵公司的记录。如贵公司的信息不在本站中， 请您马上免费注册http://www.y8k8.com     http://y8k8.net     y8k8.cn 请不要回复
spam,您好！ 我公司可代开商品销售、运输业、建筑安装业、广告业、服务业等发票，税务局验后付款。 联系人：关先生 电话： 13430724013
spam,"你发送到madmax@126.com的邮件由于以下原因被退回 : madmax@126.com 用户拒绝收信 如果您对此有疑问,请联系网易公司客服部门020-83568090-4(全国唯一24小时客户服务): kf126@188.com The message cannot be represented in 7-bit ASCII encoding and has been sent as a binary attachment."
spam,尊敬的客户/朋友您好： 欢迎您和我们联系垂询！ 努力，我们一同分享； 耕耘，我们一起成长。 顺颂商祺！ 中国招标采购网 www.b-in-china.com 联系人：徐振华 电  话：010-62253693 传  真：010-62238947 E-mail: xuzhenhua66598@163.com
spam,中信（国际）电子科技有限公司推出新产品： 升职步步高、做生意发大财、连找情人都用的上，详情进入 网  址:  http://www.usa5588.com/ccc 电话：020-33770208   服务热线：013650852999
spam,您好：如此条信息对您的打扰表示歉意，并请谅解。现我司有：商品销售、 运输、建筑、广告等发票可代开，点数低，如需请电：13927401103刘生
spam,中信（国际）电子科技有限公司推出新产品： 升职步步高、做生意发大财、连找情人都用的上，详情进入 网  址:  http://www.usa5588.com/ccc 电话：020-33770208   服务热线：013650852999
spam,招聘美女(图)柔情似水 http://syfdn.kuw.cn
spam,"你好!本公司有各种发票(普通发票.增值税发票.运输发票.广告发票)等可代开, 有需要者请电 :联系人：刘涛先生　电话：１３６８２５３７９０６ (3)"
spam,"Reply-To: 上海白领 Date: Sun, 28 Aug 2005 23:37:36 +0800 X-Priority: 3 X-Mailer: Microsoft Outlook Express 5.50.4133.2400 IFRAME: http://job.etochina.com"
spam,尊敬的公司您好！打扰之处请见谅！ 我深圳公司愿在互惠互利、诚信为本代开3厘---2点国税、地税等发票。增值税和海关缴款书就以2点---7点来代开。手机：13510631209       联系人：邝先生  邮箱：ao998@163.com     祥细资料合作告知，希望合作。谢谢！！
spam,北 京 天 通 特 价 机 票 网 IFRAME: http://www.tt85111845.com/ 本本邮件由商务先锋友情制作  http://bizemail.126.com  业务联系: emagent@mail.china.com
spam,中信（国际）电子科技有限公司推出新产品： 升职步步高、做生意发大财、连找情人都用的上，详情进入 网  址:  http://www.usa5588.com/ccc 电话：020-33770208   服务热线：013650852999
spam,"贵公司负责人：你好！ 本公司(祥泰实业有限公司）具有进出口及国内贸易的企业, 承多家公司委托:有广告/建筑工程/其它服务/商品销售/...等的 发票向外代开.点数优惠,本公司原则是满意后付款.有意者请来 电洽谈. 电  话：013631690076 邮  箱：shitailong8@163.com 联系人：郭 生 如给贵公司带来不便请谅解!"
spam,"广州市宇虹有限公司,公司主营:电子,化工,科技产品,办公用品, 现公司有多余的进项发票可以对外代开, 如有需要欢迎来电咨询. 联系人:周国泰 电话:13560084449 电话:020-35527106 传真:020-88564095 E-mail:lyhabc88@hotmail.com 兄弟公司有(运输,广告,服务咨询,)均有发票可开2%的税点"
spam,"贵公司负责人：你好！ 本公司(祥泰实业有限公司）具有进出口及国内贸易的企业, 承多家公司委托:有广告/建筑工程/其它服务/商品销售/...等的 发票向外代开.点数优惠,本公司原则是满意后付款.有意者请来 电洽谈. 电  话：013631690076 邮  箱：shitailong8@163.com 联系人：郭 生 如给贵公司带来不便请谅解!"
spam,本公司专业于单片机产品仿制和日本系列单片机解密：如NEC、东芝、 三菱、松下、富士通等； 联系电话：13554912346 江涛 QQ：435464246 电子邮箱：askjiangtao@tom.com
spam,您好: 我公司现有多余的发票可优惠对外代开;如:商品销售 运输 服务 建材 运输 广告等. 欢迎贵公司来电咨询或在网上联系？谢谢！打扰您宝贵时间， 敬请见谅！ 祝：合作愉快！ 广州龙信实业有限公司 联 系 人：张建城 手    机：13538766203 传    真: 020-80586740 邮    箱：longxin888@126.com
